evidence_id,source_repository,source_commit,cohort,hardware,modalities,evaluation,runs,positive_runs,negative_runs,key_result,paper_use,rerun_decision,source_artifact,source_url
RHM_NVML_POOLED,robirahman/GPU-monitoring,baf61087ac478811af548fc4827fccb12d0546c2,large NVML corpus,9 NVIDIA GPU models / 4 generations,NVML,30 s StratifiedGroupKFold window classification,1396,,,RF accuracy 98.21%; macro-F1 98.20%,Prior-state-of-art NVML baseline and broad workload coverage,Do not repeat NVML-only corpus,classifier/results/binary_results.csv,https://github.com/robirahman/GPU-monitoring
RHM_NVML_UNSEEN,robirahman/GPU-monitoring,baf61087ac478811af548fc4827fccb12d0546c2,leave-one-evasion-family-out,same multi-GPU corpus,NVML,unseen family; window-level,,,,Committed variants span 11.1%-100% detection; prior paper summarized hardest unexpected cases as 43%-87%,Motivation and robustness limitation only,Re-score only if applying the current frozen 0.85 rule; no recollection,classifier/results/leave_one_out.csv,https://github.com/robirahman/GPU-monitoring
RHM_NVML_RUN_RULE,NeurIPS author rebuttal attachment,2026-07-28 text snapshot,fixed operating point,same prior corpus,NVML,30 s/15 s; threshold 0.75; 3-of-5,1302,760,542,731/760 training runs alerted; 5/542 false-alert runs; 0.059 alerts/GPU-hour; median alert 60 s; max 225 s,Prior run-level reference only,Do not recollect; do not compare numerically to the 0.85 SensorGuard rule without re-scoring,pasted-text.txt (author rebuttal),
RHM_PHYSICAL_BASE,robirahman/GPU-monitoring,baf61087ac478811af548fc4827fccb12d0546c2,RTX 3090 base paired corpus,RTX 3090 GPU0,GPU current + motherboard current + UltraMic; paired NVML,run-grouped CV; 30 s windows,36,26,10,physical-all window accuracy 100%,Raw synchronized source for Tajdari matched comparisons,Do not duplicate; same raw cohort is deduplicated below,sensor_logs/*.parquet; classifier/results/physical_binary_results.csv,https://github.com/robirahman/GPU-monitoring
RHM_PHYSICAL_REDTEAM,robirahman/GPU-monitoring,baf61087ac478811af548fc4827fccb12d0546c2,physical red-team rounds 1-3,RTX 3090 GPU0,GPU current + motherboard current + UltraMic,attack-held-out/adaptive development,,,,Only dominant ballast dilution initially evaded at about 50x slowdown; hardening caught fresh dilution and cufft-mimicry variants,"Attack design, camouflage-tax evidence, and development context",Do not rerun unless a matched current-paper holdout is required,docs/physical_sensor_detection_and_evasion.md,https://github.com/robirahman/GPU-monitoring
TAJ_MATCHED36,Tajdari-S/sensorguard,efd8ec1c39729a7f2cd55f86545911091ac2cb31,deduplicated matched 36-run cohort,RTX 3090,NVML; GPU current; NVML + GPU current,leave-one-workload-family-out; threshold 0.85; 3-of-5,36,26,10,"NVML 18/26 TP, current 24/26 TP, NVML+current 22/26 TP; all 0/10 FP",Headline development comparison with clear non-sealed label,No rerun,results/tables/matched-36-family-heldout-confusion.csv; results/tables/nvml-sensor-subset-ablation.csv,https://github.com/Tajdari-S/sensorguard
TAJ_EXTENDED61,Tajdari-S/sensorguard,efd8ec1c39729a7f2cd55f86545911091ac2cb31,extended paired stress cohort,RTX 3090,NVML; GPU current,leave-one-workload-label-out adaptive stress test,61,51,10,NVML 44/51 TP and 0/10 FP; current 42/51 TP and 2/10 FP,Robustness limitation; not headline,No rerun,results/tables/matched-extended-family-heldout-confusion.csv,https://github.com/Tajdari-S/sensorguard
TAJ_SYNC30,Tajdari-S/sensorguard,efd8ec1c39729a7f2cd55f86545911091ac2cb31,new synchronized development corpus,node1 RTX 3090 GPU1 + PicoScope 12789/2929 chA,NVML; 10 kS/s GPU current; fusion,leave-one-family-out; threshold 0.85; 3-of-5,30,15,15,NVML 0/15 TP and 2/15 FP; current/fusion 6/15 TP and 0/15 FP; worst-family gain 0 pp,Independent current-paper development result,No repeat of the same cells,results/current_paper_physical_20260831/TESTS_AND_RESULTS.md,https://github.com/Tajdari-S/sensorguard
TAJ_SEALED_FUSED15,Tajdari-S/sensorguard,efd8ec1c39729a7f2cd55f86545911091ac2cb31,sealed fused-update test,node1 RTX 3090 GPU1 + same current channel,NVML; GPU current; fusion,frozen model; threshold 0.85; 3-of-5,15,6,9,fused update 0/3 for every modality; AdamW 3/3 only for NVML; 0/9 matched-negative alerts,Required negative result and limitation,Do not rerun as a fresh holdout,results/current_paper_physical_20260831/TESTS_AND_RESULTS.md,https://github.com/Tajdari-S/sensorguard
TAJ_FUSED_RECOVERY15,Tajdari-S/sensorguard,efd8ec1c39729a7f2cd55f86545911091ac2cb31,fresh fused-recovery validation,node1 RTX 3090 GPU1 + same current channel,GPU current,frozen recovery candidate on 3 new variants,15,6,9,fused 3/3 detected but all 9/9 matched negatives alerted; 48 false alerts/GPU-hour,Reject the recovery candidate,No further blind threshold tuning on these runs; redesign observable,next_paper/results/fused_recovery_fresh_validation/fresh_recovery_confusion.csv,https://github.com/Tajdari-S/sensorguard
TAJ_CUSUM,Tajdari-S/sensorguard,efd8ec1c39729a7f2cd55f86545911091ac2cb31,causal sequential diagnostic,RTX 3090 synchronized traces,NVML; current; fusion,CUSUM calibrated on reps 1-2 and checked on rep 3,25,,,same development TP as fixed rule; one extra current/fusion FP; 0/3 fused detected,Report as secondary rule comparison,No recollection; re-score existing probabilities under the final contract,next_paper/results/sequential_comparison.csv,https://github.com/Tajdari-S/sensorguard
TAJ_SENSOR_SUBSETS,Tajdari-S/sensorguard,efd8ec1c39729a7f2cd55f86545911091ac2cb31,eight NVML-anchored subsets,RTX 3090 matched 36,"NVML + combinations of GPU current, motherboard current, UltraMic",identical family-held-out folds; threshold 0.85; 3-of-5,36,26,10,GPU current is the only added modality changing decisions; motherboard current and UltraMic add 0 incremental detections,Select NVML + GPU current as the minimum development subset,No repeat; gate any new sensor on targeted missed families only,results/tables/nvml-sensor-subset-ablation.csv,https://github.com/Tajdari-S/sensorguard
TAJ_OVERHEAD,Tajdari-S/sensorguard,efd8ec1c39729a7f2cd55f86545911091ac2cb31,matched overhead,RTX 3090,WAVE vs SensorGuard base logger; separate physical logger test,same six model configurations; three reps/condition,18,,,WAVE mean 28.497x runtime; NVML+DCGM logger mean 1.050x; physical logger penalty -0.045% (95% CI -0.353% to 0.262%),Headline overhead with scope stated,No repeat unless measuring the final full retained pipeline,results/wave/matched_sensor_overhead_3090.csv; results/current_paper_physical_20260831/TESTS_AND_RESULTS.md,https://github.com/Tajdari-S/sensorguard
TAJ_MIN_SPEC,Tajdari-S/sensorguard,efd8ec1c39729a7f2cd55f86545911091ac2cb31,offline electrical retention sweep,RTX 3090,GPU current,causal decimation/quantization on synchronized 30-run corpus,30,15,15,10 kS/s at 8 bit preserved every full-rate decision; 1 kS/s lost one of six detections,Preliminary minimum retained specification,Only a small hardware-in-loop confirmation remains,results/current_paper_physical_20260831/TESTS_AND_RESULTS.md,https://github.com/Tajdari-S/sensorguard
TAJ_ROOFLINE,Tajdari-S/sensorguard,efd8ec1c39729a7f2cd55f86545911091ac2cb31,application roofline,node1 RTX 3090 GPU1 at 200 W,Nsight characterization,five applications x three repetitions,15,,,"training and inference overlap in normalized intensity/throughput; roofline is motivation, not detector",Motivation figure/context,No rerun,results/roofline/applications/validated-bb6b232/rtx3090_application/application-roofline-points.csv,https://github.com/Tajdari-S/sensorguard
TAJ_NEGATIVE_EXPOSURE,Tajdari-S/sensorguard,efd8ec1c39729a7f2cd55f86545911091ac2cb31,auditable negative exposure,node2 RTX 3090,NVML + DCGM,manifest/checksum validated; final detector not yet applied,6,0,6,14.454316 total eligible GPU-hours including 11.45 prior hours; final false-alert rate still unconfirmed,Exposure accounting only,Use all existing hours first; collect more only if the confidence target remains unmet after scoring,results/negative_exposure/interim_summary.json,https://github.com/Tajdari-S/sensorguard
OPTIONAL_UNCOLLECTED,both repositories,as audited 2026-09-01,optional sensors,testbed,thermal camera; thermistors; network tap; RF/SDR; visible-light camera,none,0,0,0,no synchronized labelled corpus in either repository,No performance claim,Collect only on current-detector misses after attachment/mapping; visible light remains tamper-only,remaining_tests/README.md,https://github.com/Tajdari-S/sensorguard
