Kernel Name,index,total_fma_ops,float_flops,half_flops,double_flops,tensor_flops,total_flops,total_flops_with_tensor,shared_ops,external_memory_ops,shared_ratio,global_op_ld_lookup_miss_bytes,global_op_st_lookup_miss_bytes,kernel_duration,accumulated_time,smsp__sass_thread_inst_executed_op_fadd_pred_on.sum,smsp__sass_thread_inst_executed_op_fmul_pred_on.sum,smsp__sass_thread_inst_executed_op_ffma_pred_on.sum,smsp__sass_thread_inst_executed_op_hfma_pred_on.sum,smsp__sass_thread_inst_executed_op_dfma_pred_on.sum,smsp__sass_thread_inst_executed_op_dmul_pred_on.sum,smsp__sass_thread_inst_executed_op_dadd_pred_on.sum,smsp__sass_thread_inst_executed_op_hadd_pred_on.sum,smsp__sass_thread_inst_executed_op_hmul_pred_on.sum,sm__ops_path_tensor_src_fp16_dst_fp16.sum,sm__ops_path_tensor_src_fp16_dst_fp32.sum,sm__ops_path_tensor_src_bf16_dst_fp32.sum,sm__ops_path_tensor_src_fp8.sum,sm__ops_path_tensor_src_tf32_dst_fp32.sum,l1tex__t_sectors_pipe_lsu_mem_global_op_ld_lookup_miss.sum,l1tex__t_sectors_pipe_lsu_mem_global_op_st_lookup_miss.sum,flops_log,flops_threshold,is_matmul_candidate,is_attention_candidate,elementwise_add_fma_ops,role
ampere_sgemm_32x32_sliced1x4_tn,458,19660800.0,40181760.0,0.0,0.0,0.0,40181760.0,40181760.0,126720.0,22080.0,0.8516129032258064,2514996.0,61440.0,11.608,3739.927999999991,368640.0,491520.0,19660800.0,0.0,0.0,0.0,0.0,0.0,0.0,0.0,0.0,0.0,0.0,0.0,78593.625,1920.0,17.508923744165667,11.476605453006185,True,True,0,Q
"void cublasLt::splitKreduce_kernel<32, 16, int, float, float, float, float, 0, float, float, float, 1, 0, 0>(cublasLt::cublasSplitKParams<T6>, const T4 *, const T10 *, T9 *, T5 *, const T6 *, const T6 *, const T11 *, const T4 *, T11 *, void *, long, T6 *, int *, T6 *, T6 *, const T6 *, const T6 *, const T6 *, const T6 *, const T6 *)",459,0.0,18432.0,0.0,0.0,0.0,18432.0,18432.0,0.0,576.0,0.0,61440.0,12288.0,3.32,3743.247999999991,15360.0,3072.0,0.0,0.0,0.0,0.0,0.0,0.0,0.0,0.0,0.0,0.0,0.0,0.0,1920.0,384.0,9.821897815496174,11.476605453006185,False,False,0,splitKreduce
ampere_sgemm_32x32_sliced1x4_tn,460,19660800.0,40181760.0,0.0,0.0,0.0,40181760.0,40181760.0,126720.0,22080.0,0.8516129032258064,2521084.0,61440.0,11.584,3754.831999999991,368640.0,491520.0,19660800.0,0.0,0.0,0.0,0.0,0.0,0.0,0.0,0.0,0.0,0.0,0.0,78783.875,1920.0,17.508923744165667,11.476605453006185,True,True,0,K
"void cublasLt::splitKreduce_kernel<32, 16, int, float, float, float, float, 0, float, float, float, 1, 0, 0>(cublasLt::cublasSplitKParams<T6>, const T4 *, const T10 *, T9 *, T5 *, const T6 *, const T6 *, const T11 *, const T4 *, T11 *, void *, long, T6 *, int *, T6 *, T6 *, const T6 *, const T6 *, const T6 *, const T6 *, const T6 *)",461,0.0,18432.0,0.0,0.0,0.0,18432.0,18432.0,0.0,576.0,0.0,61440.0,12288.0,3.316,3758.147999999991,15360.0,3072.0,0.0,0.0,0.0,0.0,0.0,0.0,0.0,0.0,0.0,0.0,0.0,0.0,1920.0,384.0,9.821897815496174,11.476605453006185,False,False,0,splitKreduce
ampere_sgemm_32x32_sliced1x4_tn,462,19660800.0,40181760.0,0.0,0.0,0.0,40181760.0,40181760.0,126720.0,22080.0,0.8516129032258064,2526428.0,61440.0,11.64,3769.7879999999914,368640.0,491520.0,19660800.0,0.0,0.0,0.0,0.0,0.0,0.0,0.0,0.0,0.0,0.0,0.0,78950.875,1920.0,17.508923744165667,11.476605453006185,True,True,0,V
"void cublasLt::splitKreduce_kernel<32, 16, int, float, float, float, float, 0, float, float, float, 1, 0, 0>(cublasLt::cublasSplitKParams<T6>, const T4 *, const T10 *, T9 *, T5 *, const T6 *, const T6 *, const T11 *, const T4 *, T11 *, void *, long, T6 *, int *, T6 *, T6 *, const T6 *, const T6 *, const T6 *, const T6 *, const T6 *)",463,0.0,18432.0,0.0,0.0,0.0,18432.0,18432.0,0.0,576.0,0.0,61440.0,12288.0,3.292,3773.0799999999913,15360.0,3072.0,0.0,0.0,0.0,0.0,0.0,0.0,0.0,0.0,0.0,0.0,0.0,0.0,1920.0,384.0,9.821897815496174,11.476605453006185,False,False,0,splitKreduce
"void native::elementwise_kernel<128, 2, void native::gpu_kernel_impl_nocast<native::BinaryFunctor<float, float, float, binary_internal::MulFunctor<float>>>(at::TensorIteratorBase &, const T1 &)::[lambda(int) (instance 1)]>(int, T3)",464,0.0,3072.0,0.0,0.0,0.0,3072.0,3072.0,0.0,288.0,0.0,18432.0,12288.0,3.568,3776.6479999999915,0.0,3072.0,0.0,0.0,0.0,0.0,0.0,0.0,0.0,0.0,0.0,0.0,0.0,0.0,576.0,384.0,8.030409562130485,11.476605453006185,False,False,0,other
"void native::elementwise_kernel<128, 2, void native::gpu_kernel_impl_nocast<native::neg_kernel_cuda(at::TensorIteratorBase &)::[lambda() (instance 2)]::operator ()() const::[lambda() (instance 7)]::operator ()() const::[lambda(float) (instance 1)]>(at::TensorIteratorBase &, const T1 &)::[lambda(int) (instance 1)]>(int, T3)",465,0.0,1536.0,0.0,0.0,0.0,1536.0,1536.0,0.0,96.0,0.0,6144.0,6144.0,3.52,3780.1679999999915,1536.0,0.0,0.0,0.0,0.0,0.0,0.0,0.0,0.0,0.0,0.0,0.0,0.0,0.0,192.0,192.0,7.337587743538596,11.476605453006185,False,False,0,other
"void native::<unnamed>::CatArrayBatchedCopy<native::<unnamed>::OpaqueType<4>, unsigned int, 4, 64, 64>(T1 *, native::<unnamed>::CatArrInputTensorMetadata<T1, T2, T4, T5>, native::<unnamed>::TensorSizeStride<T2, 4>, int, T2)",466,0.0,0.0,0.0,0.0,0.0,0.0,0.0,0.0,192.0,0.0,12288.0,12288.0,5.692,3785.8599999999915,0.0,0.0,0.0,0.0,0.0,0.0,0.0,0.0,0.0,0.0,0.0,0.0,0.0,0.0,384.0,384.0,0.0,11.476605453006185,False,False,0,other
"void native::elementwise_kernel<128, 2, void native::gpu_kernel_impl_nocast<native::BinaryFunctor<float, float, float, binary_internal::MulFunctor<float>>>(at::TensorIteratorBase &, const T1 &)::[lambda(int) (instance 1)]>(int, T3)",467,0.0,3072.0,0.0,0.0,0.0,3072.0,3072.0,0.0,288.0,0.0,18432.0,12288.0,3.54,3789.399999999991,0.0,3072.0,0.0,0.0,0.0,0.0,0.0,0.0,0.0,0.0,0.0,0.0,0.0,0.0,576.0,384.0,8.030409562130485,11.476605453006185,False,False,0,other
"void native::vectorized_elementwise_kernel<4, native::CUDAFunctor_add<float>, std::array<char *, 3>>(int, T2, T3)",468,3072.0,6144.0,0.0,0.0,0.0,6144.0,6144.0,0.0,72.0,0.0,24576.0,12288.0,2.6719999999999997,3792.0719999999915,0.0,0.0,3072.0,0.0,0.0,0.0,0.0,0.0,0.0,0.0,0.0,0.0,0.0,0.0,768.0,384.0,8.723394022000136,11.476605453006185,False,False,0,other
"void native::elementwise_kernel<128, 2, void native::gpu_kernel_impl_nocast<native::BinaryFunctor<float, float, float, binary_internal::MulFunctor<float>>>(at::TensorIteratorBase &, const T1 &)::[lambda(int) (instance 1)]>(int, T3)",469,0.0,3072.0,0.0,0.0,0.0,3072.0,3072.0,0.0,288.0,0.0,18432.0,12288.0,3.552,3795.6239999999907,0.0,3072.0,0.0,0.0,0.0,0.0,0.0,0.0,0.0,0.0,0.0,0.0,0.0,0.0,576.0,384.0,8.030409562130485,11.476605453006185,False,False,0,other
"void native::elementwise_kernel<128, 2, void native::gpu_kernel_impl_nocast<native::neg_kernel_cuda(at::TensorIteratorBase &)::[lambda() (instance 2)]::operator ()() const::[lambda() (instance 7)]::operator ()() const::[lambda(float) (instance 1)]>(at::TensorIteratorBase &, const T1 &)::[lambda(int) (instance 1)]>(int, T3)",470,0.0,1536.0,0.0,0.0,0.0,1536.0,1536.0,0.0,96.0,0.0,6144.0,6144.0,3.488,3799.111999999991,1536.0,0.0,0.0,0.0,0.0,0.0,0.0,0.0,0.0,0.0,0.0,0.0,0.0,0.0,192.0,192.0,7.337587743538596,11.476605453006185,False,False,0,other
"void native::<unnamed>::CatArrayBatchedCopy<native::<unnamed>::OpaqueType<4>, unsigned int, 4, 64, 64>(T1 *, native::<unnamed>::CatArrInputTensorMetadata<T1, T2, T4, T5>, native::<unnamed>::TensorSizeStride<T2, 4>, int, T2)",471,0.0,0.0,0.0,0.0,0.0,0.0,0.0,0.0,192.0,0.0,12288.0,12288.0,5.699999999999999,3804.811999999991,0.0,0.0,0.0,0.0,0.0,0.0,0.0,0.0,0.0,0.0,0.0,0.0,0.0,0.0,384.0,384.0,0.0,11.476605453006185,False,False,0,other
"void native::elementwise_kernel<128, 2, void native::gpu_kernel_impl_nocast<native::BinaryFunctor<float, float, float, binary_internal::MulFunctor<float>>>(at::TensorIteratorBase &, const T1 &)::[lambda(int) (instance 1)]>(int, T3)",472,0.0,3072.0,0.0,0.0,0.0,3072.0,3072.0,0.0,288.0,0.0,18432.0,12288.0,3.528,3808.3399999999906,0.0,3072.0,0.0,0.0,0.0,0.0,0.0,0.0,0.0,0.0,0.0,0.0,0.0,0.0,576.0,384.0,8.030409562130485,11.476605453006185,False,False,0,other
"void native::vectorized_elementwise_kernel<4, native::CUDAFunctor_add<float>, std::array<char *, 3>>(int, T2, T3)",473,3072.0,6144.0,0.0,0.0,0.0,6144.0,6144.0,0.0,72.0,0.0,24576.0,12288.0,2.6719999999999997,3811.0119999999906,0.0,0.0,3072.0,0.0,0.0,0.0,0.0,0.0,0.0,0.0,0.0,0.0,0.0,0.0,768.0,384.0,8.723394022000136,11.476605453006185,False,False,0,other
"void native::<unnamed>::CatArrayBatchedCopy_aligned16_contig<native::<unnamed>::OpaqueType<4>, unsigned int, 4, 128, 1>(T1 *, native::<unnamed>::CatArrInputTensorMetadata<T1, T2, T4, T5>, native::<unnamed>::TensorSizeStride<T2, 4>, int, T2)",474,0.0,0.0,0.0,0.0,0.0,0.0,0.0,0.0,240.0,0.0,24576.0,24576.0,3.5,3814.511999999991,0.0,0.0,0.0,0.0,0.0,0.0,0.0,0.0,0.0,0.0,0.0,0.0,0.0,0.0,768.0,768.0,0.0,11.476605453006185,False,False,0,other
"void native::<unnamed>::CatArrayBatchedCopy_aligned16_contig<native::<unnamed>::OpaqueType<4>, unsigned int, 4, 128, 1>(T1 *, native::<unnamed>::CatArrInputTensorMetadata<T1, T2, T4, T5>, native::<unnamed>::TensorSizeStride<T2, 4>, int, T2)",475,0.0,0.0,0.0,0.0,0.0,0.0,0.0,0.0,240.0,0.0,24576.0,24576.0,3.512,3818.0239999999912,0.0,0.0,0.0,0.0,0.0,0.0,0.0,0.0,0.0,0.0,0.0,0.0,0.0,0.0,768.0,768.0,0.0,11.476605453006185,False,False,0,other
"fmha_cutlassF_f32_aligned_64x128_rf_sm80(PyTorchMemEffAttention::AttentionKernel<float, cutlass::Sm80, 1, 64, 128, 128, 1, 1>::Params)",476,48692.0,4413257.0,0.0,0.0,0.0,4413257.0,4413257.0,24970.25,48.0,0.9980814000041723,61440.0,12288.0,32.176,3850.199999999991,3721483.625,594389.375,48692.0,0.0,0.0,0.0,0.0,0.0,0.0,0.0,0.0,0.0,0.0,0.0,1920.0,384.0,15.300123750172936,11.476605453006185,True,True,0,Attention
ampere_sgemm_32x32_sliced1x4_tn,477,19660800.0,40181760.0,0.0,0.0,0.0,40181760.0,40181760.0,126720.0,22080.0,0.8516129032258064,2523256.0,61440.0,11.591999999999999,3861.7919999999913,368640.0,491520.0,19660800.0,0.0,0.0,0.0,0.0,0.0,0.0,0.0,0.0,0.0,0.0,0.0,78851.75,1920.0,17.508923744165667,11.476605453006185,True,True,0,Wo
"void cublasLt::splitKreduce_kernel<32, 16, int, float, float, float, float, 0, float, float, float, 1, 0, 0>(cublasLt::cublasSplitKParams<T6>, const T4 *, const T10 *, T9 *, T5 *, const T6 *, const T6 *, const T11 *, const T4 *, T11 *, void *, long, T6 *, int *, T6 *, T6 *, const T6 *, const T6 *, const T6 *, const T6 *, const T6 *)",478,0.0,18432.0,0.0,0.0,0.0,18432.0,18432.0,0.0,576.0,0.0,61440.0,12288.0,3.332,3865.123999999991,15360.0,3072.0,0.0,0.0,0.0,0.0,0.0,0.0,0.0,0.0,0.0,0.0,0.0,0.0,1920.0,384.0,9.821897815496174,11.476605453006185,False,False,0,splitKreduce
"void native::vectorized_elementwise_kernel<4, native::CUDAFunctor_add<float>, std::array<char *, 3>>(int, T2, T3)",479,3072.0,6144.0,0.0,0.0,0.0,6144.0,6144.0,0.0,72.0,0.0,24576.0,12288.0,2.692,3867.815999999991,0.0,0.0,3072.0,0.0,0.0,0.0,0.0,0.0,0.0,0.0,0.0,0.0,0.0,0.0,768.0,384.0,8.723394022000136,11.476605453006185,False,False,3072,elementwise_add
"void native::vectorized_elementwise_kernel<4, void native::<unnamed>::pow_tensor_scalar_kernel_impl<float, float>(at::TensorIteratorBase &, T2)::[lambda(float) (instance 1)], std::array<char *, 2>>(int, T2, T3)",480,0.0,3072.0,0.0,0.0,0.0,3072.0,3072.0,0.0,48.0,0.0,12288.0,12288.0,2.588,3870.4039999999914,0.0,3072.0,0.0,0.0,0.0,0.0,0.0,0.0,0.0,0.0,0.0,0.0,0.0,0.0,384.0,384.0,8.030409562130485,11.476605453006185,False,False,0,other
"void native::reduce_kernel<512, 1, native::ReduceOp<float, native::MeanOps<float, float, float, float>, unsigned int, float, 4, 4>>(T3)",481,0.0,7556.0,0.0,0.0,0.0,7556.0,7556.0,40.0,28.0,0.5882352941176471,12288.0,32.0,5.523999999999999,3875.9279999999917,7552.0,4.0,0.0,0.0,0.0,0.0,0.0,0.0,0.0,0.0,0.0,0.0,0.0,0.0,384.0,1.0,8.93022956502072,11.476605453006185,False,False,0,other
"void native::vectorized_elementwise_kernel<4, native::CUDAFunctorOnSelf_add<float>, std::array<char *, 2>>(int, T2, T3)",482,4.0,8.0,0.0,0.0,0.0,8.0,8.0,0.0,2.0,0.0,32.0,32.0,2.484,3878.411999999991,0.0,0.0,4.0,0.0,0.0,0.0,0.0,0.0,0.0,0.0,0.0,0.0,0.0,0.0,1.0,1.0,2.1972245773362196,11.476605453006185,False,False,0,other
"void native::vectorized_elementwise_kernel<4, native::rsqrt_kernel_cuda(at::TensorIteratorBase &)::[lambda() (instance 2)]::operator ()() const::[lambda() (instance 2)]::operator ()() const::[lambda(float) (instance 1)], std::array<char *, 2>>(int, T2, T3)",483,0.0,0.0,0.0,0.0,0.0,0.0,0.0,0.0,2.0,0.0,32.0,32.0,2.572,3880.983999999991,0.0,0.0,0.0,0.0,0.0,0.0,0.0,0.0,0.0,0.0,0.0,0.0,0.0,0.0,1.0,1.0,0.0,11.476605453006185,False,False,0,other
"void native::elementwise_kernel<128, 2, void native::gpu_kernel_impl_nocast<native::BinaryFunctor<float, float, float, binary_internal::MulFunctor<float>>>(at::TensorIteratorBase &, const T1 &)::[lambda(int) (instance 1)]>(int, T3)",484,0.0,3072.0,0.0,0.0,0.0,3072.0,3072.0,0.0,288.0,0.0,12672.0,12288.0,3.508,3884.491999999991,0.0,3072.0,0.0,0.0,0.0,0.0,0.0,0.0,0.0,0.0,0.0,0.0,0.0,0.0,396.0,384.0,8.030409562130485,11.476605453006185,False,False,0,other
"void native::elementwise_kernel<128, 2, void native::gpu_kernel_impl_nocast<native::BinaryFunctor<float, float, float, binary_internal::MulFunctor<float>>>(at::TensorIteratorBase &, const T1 &)::[lambda(int) (instance 1)]>(int, T3)",485,0.0,3072.0,0.0,0.0,0.0,3072.0,3072.0,0.0,288.0,0.0,24576.0,12288.0,3.496,3887.987999999991,0.0,3072.0,0.0,0.0,0.0,0.0,0.0,0.0,0.0,0.0,0.0,0.0,0.0,0.0,768.0,384.0,8.030409562130485,11.476605453006185,False,False,0,other
"void gemmSN_TN_kernel<float, 128, 16, 2, 4, 4, 4, 1, cublasGemvTensorStridedBatched<const float>, cublasGemvTensorStridedBatched<const float>, cublasGemvTensorStridedBatched<float>>(cublasGemmSmallNParams<T9, T10, T11, T1>)",486,9437184.0,20840448.0,0.0,0.0,0.0,20840448.0,20840448.0,145920.0,116736.0,0.5555555555555556,10701184.0,55556.0,17.304000000000002,3905.291999999991,786432.0,1179648.0,9437184.0,0.0,0.0,0.0,0.0,0.0,0.0,0.0,0.0,0.0,0.0,0.0,334412.0,1736.125,16.852406319722913,11.476605453006185,True,False,0,FFN1
"void native::vectorized_elementwise_kernel<4, native::<unnamed>::silu_kernel(at::TensorIteratorBase &)::[lambda() (instance 1)]::operator ()() const::[lambda() (instance 2)]::operator ()() const::[lambda(float) (instance 1)], std::array<char *, 2>>(int, T2, T3)",487,141312.0,294912.0,0.0,0.0,0.0,294912.0,294912.0,0.0,192.0,0.0,49152.0,49152.0,3.02,3908.311999999991,12288.0,0.0,141312.0,0.0,0.0,0.0,0.0,0.0,0.0,0.0,0.0,0.0,0.0,0.0,1536.0,1536.0,12.594435676571663,11.476605453006185,True,False,0,other
"void gemmSN_TN_kernel<float, 128, 16, 2, 4, 4, 4, 1, cublasGemvTensorStridedBatched<const float>, cublasGemvTensorStridedBatched<const float>, cublasGemvTensorStridedBatched<float>>(cublasGemmSmallNParams<T9, T10, T11, T1>)",488,9437184.0,20840448.0,0.0,0.0,0.0,20840448.0,20840448.0,145920.0,116736.0,0.5555555555555556,10678248.0,56252.0,17.344,3925.655999999991,786432.0,1179648.0,9437184.0,0.0,0.0,0.0,0.0,0.0,0.0,0.0,0.0,0.0,0.0,0.0,333695.25,1757.875,16.852406319722913,11.476605453006185,True,False,0,FFN2
"void native::vectorized_elementwise_kernel<4, native::BinaryFunctor<float, float, float, binary_internal::MulFunctor<float>>, std::array<char *, 3>>(int, T2, T3)",489,0.0,12288.0,0.0,0.0,0.0,12288.0,12288.0,0.0,288.0,0.0,98304.0,49152.0,2.7239999999999998,3928.379999999991,0.0,12288.0,0.0,0.0,0.0,0.0,0.0,0.0,0.0,0.0,0.0,0.0,0.0,0.0,3072.0,1536.0,9.416459832284596,11.476605453006185,False,False,0,other
ampere_sgemm_32x32_sliced1x4_tn,490,75497472.0,152371200.0,0.0,0.0,0.0,152371200.0,152371200.0,417792.0,83712.0,0.8330781010719756,10543312.0,98304.0,23.556,3951.9359999999906,589824.0,786432.0,75497472.0,0.0,0.0,0.0,0.0,0.0,0.0,0.0,0.0,0.0,0.0,0.0,329478.5,3072.0,18.841830213543503,11.476605453006185,True,True,0,FFN3
"void cublasLt::splitKreduce_kernel<32, 16, int, float, float, float, float, 0, float, float, float, 1, 0, 0>(cublasLt::cublasSplitKParams<T6>, const T4 *, const T10 *, T9 *, T5 *, const T6 *, const T6 *, const T11 *, const T4 *, T11 *, void *, long, T6 *, int *, T6 *, T6 *, const T6 *, const T6 *, const T6 *, const T6 *, const T6 *)",491,0.0,27648.0,0.0,0.0,0.0,27648.0,27648.0,0.0,864.0,0.0,98304.0,12288.0,2.984,3954.9199999999905,24576.0,3072.0,0.0,0.0,0.0,0.0,0.0,0.0,0.0,0.0,0.0,0.0,0.0,0.0,3072.0,384.0,10.227344839931181,11.476605453006185,False,False,0,splitKreduce
"void native::vectorized_elementwise_kernel<4, native::CUDAFunctor_add<float>, std::array<char *, 3>>(int, T2, T3)",492,3072.0,6144.0,0.0,0.0,0.0,6144.0,6144.0,0.0,72.0,0.0,24576.0,12288.0,2.6959999999999997,3957.615999999991,0.0,0.0,3072.0,0.0,0.0,0.0,0.0,0.0,0.0,0.0,0.0,0.0,0.0,0.0,768.0,384.0,8.723394022000136,11.476605453006185,False,False,3072,elementwise_add
"void native::vectorized_elementwise_kernel<4, void native::<unnamed>::pow_tensor_scalar_kernel_impl<float, float>(at::TensorIteratorBase &, T2)::[lambda(float) (instance 1)], std::array<char *, 2>>(int, T2, T3)",493,0.0,3072.0,0.0,0.0,0.0,3072.0,3072.0,0.0,48.0,0.0,12288.0,12288.0,2.6,3960.215999999991,0.0,3072.0,0.0,0.0,0.0,0.0,0.0,0.0,0.0,0.0,0.0,0.0,0.0,0.0,384.0,384.0,8.030409562130485,11.476605453006185,False,False,0,other
"void native::reduce_kernel<512, 1, native::ReduceOp<float, native::MeanOps<float, float, float, float>, unsigned int, float, 4, 4>>(T3)",494,0.0,7556.0,0.0,0.0,0.0,7556.0,7556.0,40.0,28.0,0.5882352941176471,12288.0,32.0,5.552,3965.767999999991,7552.0,4.0,0.0,0.0,0.0,0.0,0.0,0.0,0.0,0.0,0.0,0.0,0.0,0.0,384.0,1.0,8.93022956502072,11.476605453006185,False,False,0,other
"void native::vectorized_elementwise_kernel<4, native::CUDAFunctorOnSelf_add<float>, std::array<char *, 2>>(int, T2, T3)",495,4.0,8.0,0.0,0.0,0.0,8.0,8.0,0.0,2.0,0.0,32.0,32.0,2.476,3968.2439999999906,0.0,0.0,4.0,0.0,0.0,0.0,0.0,0.0,0.0,0.0,0.0,0.0,0.0,0.0,1.0,1.0,2.1972245773362196,11.476605453006185,False,False,0,other
"void native::vectorized_elementwise_kernel<4, native::rsqrt_kernel_cuda(at::TensorIteratorBase &)::[lambda() (instance 2)]::operator ()() const::[lambda() (instance 2)]::operator ()() const::[lambda(float) (instance 1)], std::array<char *, 2>>(int, T2, T3)",496,0.0,0.0,0.0,0.0,0.0,0.0,0.0,0.0,2.0,0.0,32.0,32.0,2.58,3970.823999999991,0.0,0.0,0.0,0.0,0.0,0.0,0.0,0.0,0.0,0.0,0.0,0.0,0.0,0.0,1.0,1.0,0.0,11.476605453006185,False,False,0,other
"void native::elementwise_kernel<128, 2, void native::gpu_kernel_impl_nocast<native::BinaryFunctor<float, float, float, binary_internal::MulFunctor<float>>>(at::TensorIteratorBase &, const T1 &)::[lambda(int) (instance 1)]>(int, T3)",497,0.0,3072.0,0.0,0.0,0.0,3072.0,3072.0,0.0,288.0,0.0,12672.0,12288.0,3.484,3974.3079999999904,0.0,3072.0,0.0,0.0,0.0,0.0,0.0,0.0,0.0,0.0,0.0,0.0,0.0,0.0,396.0,384.0,8.030409562130485,11.476605453006185,False,False,0,other
"void native::elementwise_kernel<128, 2, void native::gpu_kernel_impl_nocast<native::BinaryFunctor<float, float, float, binary_internal::MulFunctor<float>>>(at::TensorIteratorBase &, const T1 &)::[lambda(int) (instance 1)]>(int, T3)",498,0.0,3072.0,0.0,0.0,0.0,3072.0,3072.0,0.0,288.0,0.0,24576.0,12288.0,3.492,3977.799999999991,0.0,3072.0,0.0,0.0,0.0,0.0,0.0,0.0,0.0,0.0,0.0,0.0,0.0,0.0,768.0,384.0,8.030409562130485,11.476605453006185,False,False,0,other
