run_dir,workload,status,nvml_samples,sustained_load,max_power_w,max_mem_mib,dcgm_rows,pico_units,pico_samples,pico_max_p2p_mv
gpumon_adversarial_A_util_modulation_20260909T155817Z,adversarial_A_util_modulation,completed,338,33,355,2590,338,6,1797048,90.7
gpumon_adversarial_B_low_util_20260909T155817Z,adversarial_B_low_util,completed,338,12,350,1528,337,6,1797048,54.4
gpumon_adversarial_D_temporal_disruption_20260909T155817Z,adversarial_D_temporal_disruption,completed,352,290,350,4752,352,6,1797048,72.6
gpumon_adversarial_E_memory_minimal_20260909T155817Z,adversarial_E_memory_minimal,completed,338,13,351,1528,338,6,1797048,72.6
gpumon_adversarial_F_interleave_30_20260909T155817Z,adversarial_F_interleave_30,completed,338,12,351,1608,337,6,1797048,54.4
gpumon_adversarial_F_interleave_50_20260909T155817Z,adversarial_F_interleave_50,completed,338,13,351,1608,337,6,1797048,72.6
gpumon_adversarial_G_clock_throttled_20260909T155817Z,adversarial_G_clock_throttled,completed,338,12,351,1528,337,6,1797048,54.4
gpumon_adversarial_H_mimicry_cufft_20260909T155817Z,adversarial_H_mimicry_cufft,completed,338,12,353,1550,337,6,1797048,72.6
gpumon_adversarial_H_mimicry_mining_20260909T155817Z,adversarial_H_mimicry_mining,completed,338,12,350,1528,337,6,1797048,54.4
gpumon_adversarial_I_stochastic_30_20260909T155817Z,adversarial_I_stochastic_30,completed,338,102,353,1600,337,6,1797048,54.4
gpumon_adversarial_J_pid_75_20260909T155817Z,adversarial_J_pid_75,completed,338,12,350,1528,338,6,1797048,72.6
gpumon_adversarial_K_online_learning_20260909T155817Z,adversarial_K_online_learning,completed,338,311,352,13192,337,6,1797048,72.6
gpumon_adversarial_L_diluted_10_20260909T155817Z,adversarial_L_diluted_10,completed,338,203,350,13210,338,6,1797048,72.6
gpumon_adversarial_L_diluted_20_20260909T155817Z,adversarial_L_diluted_20,completed,338,176,350,23608,338,6,1797048,72.6
gpumon_adversarial_L_diluted_2_20260909T155817Z,adversarial_L_diluted_2,completed,338,277,350,13214,338,6,1797048,54.4
gpumon_adversarial_L_diluted_5_20260909T155817Z,adversarial_L_diluted_5,completed,338,232,352,13210,338,6,1797048,72.6
gpumon_adversarial_M_composite_memmin_10_20260909T155817Z,adversarial_M_composite_memmin_10,completed,338,12,350,5000,338,6,1797048,54.4
gpumon_adversarial_M_composite_memmin_20_20260909T155817Z,adversarial_M_composite_memmin_20,completed,338,12,350,5000,338,6,1797048,54.4
gpumon_adversarial_M_composite_memmin_30_20260909T155817Z,adversarial_M_composite_memmin_30,completed,338,13,351,5000,338,6,1797048,54.4
gpumon_adversarial_M_composite_memmin_40_20260909T155817Z,adversarial_M_composite_memmin_40,completed,338,12,350,5000,338,6,1797048,72.6
gpumon_adversarial_N_grad_accum_16_20260909T155817Z,adversarial_N_grad_accum_16,completed,338,310,353,13194,338,6,1797048,72.6
gpumon_adversarial_N_grad_accum_4_20260909T155817Z,adversarial_N_grad_accum_4,completed,338,310,351,13194,337,6,1797048,72.6
gpumon_adversarial_N_grad_accum_8_20260909T155817Z,adversarial_N_grad_accum_8,completed,338,308,351,13194,338,6,1797048,72.6
gpumon_adversarial_composite_00_20260909T155817Z,adversarial_composite_00,completed,158,121,355,6688,158,6,1797048,54.4
gpumon_adversarial_composite_30_20260909T155817Z,adversarial_composite_30,completed,158,122,353,6688,158,6,1797048,72.6
gpumon_adversarial_composite_50_20260909T155817Z,adversarial_composite_50,completed,158,121,350,6688,158,6,1797048,54.4
gpumon_adversarial_composite_70_20260909T155817Z,adversarial_composite_70,completed,158,116,350,6688,158,6,1797048,72.6
gpumon_adversarial_composite_90_20260909T155817Z,adversarial_composite_90,completed,158,14,350,6688,158,6,1797048,72.6
gpumon_adversarial_composite_95_20260909T155817Z,adversarial_composite_95,completed,158,18,350,6688,158,6,1797048,54.4
gpumon_bert_sst2_20260909T155817Z,bert_sst2,completed,95,56,350,4838,95,6,1797048,72.6
gpumon_bert_sst2_amp_20260909T155817Z,bert_sst2_amp,completed,70,33,350,4120,70,6,1797048,54.4
gpumon_blender_bmw_20260909T155817Z,blender_bmw,workload_exit_1,34,12,350,1528,34,6,1797048,72.6
gpumon_cufft_benchmark_20260909T155817Z,cufft_benchmark,completed,636,611,350,1546,635,6,1797048,72.6
gpumon_cufft_benchmark_standalone_20260909T155817Z,cufft_benchmark_standalone,completed,336,312,350,5386,335,6,1797048,72.6
gpumon_deepseek_r1_inference_20260909T155817Z,deepseek_r1_inference,workload_exit_1,40,12,350,1528,40,6,1797048,54.4
gpumon_dilution_sweep_N10_20260909T155817Z,dilution_sweep_N10,completed,338,199,350,13210,337,6,1797048,72.6
gpumon_dilution_sweep_N1_20260909T155817Z,dilution_sweep_N1,completed,338,310,350,13212,338,6,1797048,54.4
gpumon_dilution_sweep_N20_20260909T155817Z,dilution_sweep_N20,completed,338,185,353,13210,338,6,1797048,72.6
gpumon_dilution_sweep_N2_20260909T155817Z,dilution_sweep_N2,completed,338,274,352,13214,337,6,1797048,54.4
gpumon_dilution_sweep_N3_20260909T155817Z,dilution_sweep_N3,completed,338,252,350,13212,338,6,1797048,54.4
gpumon_dilution_sweep_N5_20260909T155817Z,dilution_sweep_N5,completed,338,231,353,13210,338,6,1797048,72.6
gpumon_dilution_sweep_inference_20260909T155817Z,dilution_sweep_inference,completed,338,238,351,2938,338,6,1797048,90.7
gpumon_ethash_cuda_20260909T155817Z,ethash_cuda,completed,336,312,350,17196,335,6,1797048,54.4
gpumon_ffmpeg_nvenc_20260909T155817Z,ffmpeg_nvenc,workload_exit_1,34,12,350,1528,34,6,1797048,54.4
gpumon_gpt2_wikitext2_20260909T155817Z,gpt2_wikitext2,completed,155,107,356,10502,154,6,1797048,54.4
gpumon_gpt2_wikitext2_amp_20260909T155817Z,gpt2_wikitext2_amp,completed,113,66,355,10050,113,6,1797048,72.6
gpumon_gromacs_adh_20260909T155817Z,gromacs_adh,workload_exit_1,34,12,353,1528,34,6,1797048,72.6
gpumon_idle_20260909T155817Z,idle,completed,154,12,350,1528,154,6,1797048,54.4
gpumon_llm_infer_bge_embed_bs128_20260909T155817Z,llm_infer_bge_embed_bs128,completed,359,312,359,1648,358,6,1797048,54.4
gpumon_llm_infer_clip_embed_batched_20260909T155817Z,llm_infer_clip_embed_batched,completed,343,313,359,2436,342,6,1797048,72.6
gpumon_llm_infer_clip_embed_bs256_20260909T155817Z,llm_infer_clip_embed_bs256,completed,366,315,359,4794,366,6,1797048,72.6
gpumon_llm_infer_mistral_7b_q4_20260909T155817Z,llm_infer_mistral_7b_q4,workload_exit_1,43,13,350,1528,43,6,1797048,72.6
gpumon_llm_infer_phi3_mini_20260909T155817Z,llm_infer_phi3_mini,completed,437,18,350,8340,436,6,1797048,72.6
gpumon_llm_infer_phi3_mini_seq2048_20260909T155817Z,llm_infer_phi3_mini_seq2048,completed,349,320,350,9342,349,6,1797048,72.6
gpumon_llm_infer_qwen25_1p5b_20260909T155817Z,llm_infer_qwen25_1p5b,completed,396,12,350,3800,395,6,1797048,72.6
gpumon_llm_infer_qwen25_1p5b_seq4096_20260909T155817Z,llm_infer_qwen25_1p5b_seq4096,completed,355,19,350,4342,355,6,1797048,90.7
gpumon_llm_infer_qwen25_1p5b_streaming_20260909T155817Z,llm_infer_qwen25_1p5b_streaming,completed,361,14,350,3836,361,6,1797048,54.4
gpumon_llm_infer_qwen25_3b_20260909T155817Z,llm_infer_qwen25_3b,completed,424,19,351,6774,423,6,1797048,54.4
gpumon_llm_infer_qwen25_3b_bs16_20260909T155817Z,llm_infer_qwen25_3b_bs16,completed,348,317,352,7262,347,6,1797048,72.6
gpumon_llm_infer_qwen25_3b_bs4_20260909T155817Z,llm_infer_qwen25_3b_bs4,completed,343,17,353,6876,343,6,1797048,72.6
gpumon_llm_infer_qwen25_7b_fp16_20260909T155817Z,llm_infer_qwen25_7b_fp16,workload_exit_1,34,13,353,1528,34,6,1797048,54.4
gpumon_llm_infer_sdxl_20260909T155817Z,llm_infer_sdxl,completed,413,317,360,15246,412,6,1797048,72.6
gpumon_llm_infer_smollm2_1p7b_20260909T155817Z,llm_infer_smollm2_1p7b,completed,400,13,350,4232,399,6,1797048,72.6
gpumon_llm_infer_tinyllama_bs8_20260909T155817Z,llm_infer_tinyllama_bs8,completed,373,19,351,3086,373,6,1797048,72.6
gpumon_llm_infer_tinyllama_seq1024_20260909T155817Z,llm_infer_tinyllama_seq1024,completed,346,19,350,3004,346,6,1797048,72.6
gpumon_llm_infer_tinyllama_seq2048_20260909T155817Z,llm_infer_tinyllama_seq2048,completed,346,18,350,3086,346,6,1797048,54.4
gpumon_llm_infer_tinyllama_seq4096_20260909T155817Z,llm_infer_tinyllama_seq4096,completed,342,32,350,3204,341,6,1797048,72.6
gpumon_llm_infer_vit_l_bs64_20260909T155817Z,llm_infer_vit_l_bs64,completed,361,313,358,1894,361,6,1797048,72.6
gpumon_llm_train_mistral_7b_lora_20260909T155817Z,llm_train_mistral_7b_lora,workload_exit_1,158,16,350,14544,157,6,1797048,72.6
gpumon_llm_train_phi3_mini_lora_20260909T155817Z,llm_train_phi3_mini_lora,workload_exit_1,43,15,353,8020,43,6,1797048,72.6
gpumon_llm_train_qwen25_1p5b_lora_20260909T155817Z,llm_train_qwen25_1p5b_lora,workload_exit_1,42,12,350,3730,42,6,1797048,72.6
gpumon_llm_train_qwen25_3b_lora_20260909T155817Z,llm_train_qwen25_3b_lora,workload_exit_1,43,14,350,6688,43,6,1797048,72.6
gpumon_llm_train_smollm2_1p7b_lora_20260909T155817Z,llm_train_smollm2_1p7b_lora,workload_exit_1,42,13,353,3996,42,6,1797048,54.4
gpumon_mining_ethash_proxy_20260909T155817Z,mining_ethash_proxy,completed,636,12,353,1796,635,6,1797048,54.4
gpumon_nbody_sim_20260909T155817Z,nbody_sim,completed,636,611,363,1604,635,6,1797048,72.6
gpumon_nbody_sim_standalone_20260909T155817Z,nbody_sim_standalone,completed,336,313,352,14084,335,6,1797048,72.6
gpumon_pytorch_mlp_cifar10_20260909T155817Z,pytorch_mlp_cifar10,completed,133,12,354,1528,133,6,1797048,54.4
gpumon_pytorch_resnet_cifar10_20260909T155817Z,pytorch_resnet_cifar10,completed,145,108,360,4524,145,6,1797048,54.4
gpumon_pytorch_resnet_cifar10_amp_20260909T155817Z,pytorch_resnet_cifar10_amp,completed,103,65,362,2592,103,6,1797048,72.6
gpumon_qwen25_inference_20260909T155817Z,qwen25_inference,workload_exit_1,40,11,353,1528,40,6,1797048,72.6
gpumon_rendering_proxy_20260909T155817Z,rendering_proxy,completed,636,12,351,1528,635,6,1797048,72.6
gpumon_resnet50_inference_20260909T155817Z,resnet50_inference,completed,639,434,352,4974,638,6,1797048,72.6
gpumon_resnet50_inference_standalone_20260909T155817Z,resnet50_inference_standalone,completed,139,85,350,4976,138,6,1797048,54.4
gpumon_whisper_inference_20260909T155817Z,whisper_inference,workload_exit_1,36,13,351,1528,36,6,1797048,72.6
gpumon_whitebox_diluted_N10_20260909T155817Z,whitebox_diluted_N10,completed,342,313,350,11918,342,6,1797048,72.6
gpumon_whitebox_diluted_N10_ckpt_20260909T155817Z,whitebox_diluted_N10_ckpt,completed,343,312,354,11918,342,6,1797048,54.4
gpumon_whitebox_diluted_N20_20260909T155817Z,whitebox_diluted_N20,completed,343,313,350,11918,342,6,1797048,72.6
gpumon_whitebox_diluted_N20_ckpt_20260909T155817Z,whitebox_diluted_N20_ckpt,completed,343,313,351,11918,342,6,1797048,72.6
gpumon_whitebox_diluted_N50_20260909T155817Z,whitebox_diluted_N50,completed,342,314,353,11918,342,6,1797048,54.4
gpumon_whitebox_diluted_N5_20260909T155817Z,whitebox_diluted_N5,completed,343,313,350,11918,342,6,1797048,54.4
gpumon_whitebox_diluted_N5_ckpt_20260909T155817Z,whitebox_diluted_N5_ckpt,completed,343,313,351,11918,342,6,1797048,54.4
gpumon_whitebox_inference_20260909T155817Z,whitebox_inference,completed,362,311,350,3008,362,6,1797048,54.4
gpumon_whitebox_lora_N10_20260909T155817Z,whitebox_lora_N10,workload_exit_1,42,13,351,2874,41,6,1797048,54.4
gpumon_whitebox_lora_N20_20260909T155817Z,whitebox_lora_N20,workload_exit_1,41,12,353,2874,41,6,1797048,72.6
gpumon_whitebox_lora_N5_20260909T155817Z,whitebox_lora_N5,workload_exit_1,41,13,354,2874,41,6,1797048,54.4
gpumon_whitebox_oracle_20260909T155817Z,whitebox_oracle,workload_exit_1,36,11,354,1528,36,6,1797048,72.6
