tick_index,t_target_raw_s,t_receipt_raw_s,utc_anchor,gpu_index,gpu_uuid,status,util_gpu_pct,util_mem_pct,mem_used_mib,power_w,temp_c,clock_sm_mhz,clock_mem_mhz,pcie_tx_kbps,pcie_rx_kbps
-1,7964.679031866,7964.679190456,2026-08-24T22:36:26.858962+00:00,-1,anchor,anchor,,,,,,,,,
0,7964.679031866,7964.726593918,,0,GPU-42e33043-7008-2803-9ba8-9bb9ef7d0845,ok,0,0,464,124.065,64,495,5001,488,390
0,7964.679031866,7964.775545472,,1,GPU-bff95c83-0adb-feb7-9825-359f31b26de8,ok,0,0,464,31.213,36,210,405,488,341
1,7965.679031866,7965.721442033,,0,GPU-42e33043-7008-2803-9ba8-9bb9ef7d0845,ok,0,0,464,36.264,60,300,810,488,341
1,7965.679031866,7965.764104033,,1,GPU-bff95c83-0adb-feb7-9825-359f31b26de8,ok,0,0,464,29.397,36,210,405,439,341
2,7966.679031866,7966.72210457,,0,GPU-42e33043-7008-2803-9ba8-9bb9ef7d0845,ok,0,0,464,31.209,60,210,405,537,341
2,7966.679031866,7966.76462277,,1,GPU-bff95c83-0adb-feb7-9825-359f31b26de8,ok,0,0,464,28.453,36,210,405,488,341
3,7967.679031866,7967.722349417,,0,GPU-42e33043-7008-2803-9ba8-9bb9ef7d0845,ok,0,0,464,26.488,59,210,405,488,341
3,7967.679031866,7967.764878357,,1,GPU-bff95c83-0adb-feb7-9825-359f31b26de8,ok,0,0,464,37.99,36,210,405,439,341
4,7968.679031866,7968.722112124,,0,GPU-42e33043-7008-2803-9ba8-9bb9ef7d0845,ok,0,0,464,16.43,59,210,405,488,390
4,7968.679031866,7968.764627114,,1,GPU-bff95c83-0adb-feb7-9825-359f31b26de8,ok,0,0,464,30.209,36,210,405,439,341
5,7969.679031866,7969.72079178,,0,GPU-42e33043-7008-2803-9ba8-9bb9ef7d0845,ok,100,36,1528,68.721,65,1500,9501,3173,13330
5,7969.679031866,7969.76333889,,1,GPU-bff95c83-0adb-feb7-9825-359f31b26de8,ok,0,0,467,32.01,36,210,405,488,341
6,7970.679031866,7970.720762847,,0,GPU-42e33043-7008-2803-9ba8-9bb9ef7d0845,ok,100,22,1528,347.598,74,1455,9501,2880,14453
6,7970.679031866,7970.763175687,,1,GPU-bff95c83-0adb-feb7-9825-359f31b26de8,ok,0,0,467,41.943,36,210,405,439,341
7,7971.679031866,7971.720722123,,0,GPU-42e33043-7008-2803-9ba8-9bb9ef7d0845,ok,100,21,1528,348.736,75,1455,9501,3173,13037
7,7971.679031866,7971.763170704,,1,GPU-bff95c83-0adb-feb7-9825-359f31b26de8,ok,0,0,467,30.931,36,210,405,488,341
8,7972.679031866,7972.72079606,,0,GPU-42e33043-7008-2803-9ba8-9bb9ef7d0845,ok,100,21,1528,348.936,76,1455,9501,3564,10351
8,7972.679031866,7972.763290621,,1,GPU-bff95c83-0adb-feb7-9825-359f31b26de8,ok,0,0,467,29.466,36,210,405,439,341
9,7973.679031866,7973.720808897,,0,GPU-42e33043-7008-2803-9ba8-9bb9ef7d0845,ok,100,21,1528,348.779,77,1455,9501,4199,8447
9,7973.679031866,7973.763319077,,1,GPU-bff95c83-0adb-feb7-9825-359f31b26de8,ok,0,0,467,29.009,36,210,405,439,341
10,7974.679031866,7974.720808124,,0,GPU-42e33043-7008-2803-9ba8-9bb9ef7d0845,ok,100,22,1528,348.51,77,1455,9501,4345,9423
10,7974.679031866,7974.763319004,,1,GPU-bff95c83-0adb-feb7-9825-359f31b26de8,ok,0,0,467,36.411,36,210,405,488,341
11,7975.679031866,7975.720773891,,0,GPU-42e33043-7008-2803-9ba8-9bb9ef7d0845,ok,100,22,1528,348.727,78,1470,9501,3222,13378
11,7975.679031866,7975.763286591,,1,GPU-bff95c83-0adb-feb7-9825-359f31b26de8,ok,0,0,467,37.112,36,210,405,439,341
12,7976.679031866,7976.720786638,,0,GPU-42e33043-7008-2803-9ba8-9bb9ef7d0845,ok,100,22,1528,348.955,78,1440,9501,2587,15283
12,7976.679031866,7976.763286978,,1,GPU-bff95c83-0adb-feb7-9825-359f31b26de8,ok,0,0,467,30.236,36,210,405,439,341
13,7977.679031866,7977.720795914,,0,GPU-42e33043-7008-2803-9ba8-9bb9ef7d0845,ok,100,21,1528,349.025,79,1455,9501,3808,9814
13,7977.679031866,7977.763299065,,1,GPU-bff95c83-0adb-feb7-9825-359f31b26de8,ok,0,0,467,28.993,36,210,405,439,341
14,7978.679031866,7978.720805021,,0,GPU-42e33043-7008-2803-9ba8-9bb9ef7d0845,ok,100,26,1528,348.085,79,1455,9501,3955,10156
14,7978.679031866,7978.763302562,,1,GPU-bff95c83-0adb-feb7-9825-359f31b26de8,ok,0,0,467,28.671,36,210,405,439,341
15,7979.679031866,7979.720769548,,0,GPU-42e33043-7008-2803-9ba8-9bb9ef7d0845,ok,100,21,1528,348.463,79,1455,9501,2685,14208
15,7979.679031866,7979.763274978,,1,GPU-bff95c83-0adb-feb7-9825-359f31b26de8,ok,0,0,467,28.584,36,210,405,439,341
16,7980.679031866,7980.720820595,,0,GPU-42e33043-7008-2803-9ba8-9bb9ef7d0845,ok,100,20,1528,348.6,79,1470,9501,3515,9765
16,7980.679031866,7980.763329135,,1,GPU-bff95c83-0adb-feb7-9825-359f31b26de8,ok,0,0,467,28.68,36,210,405,439,341
17,7981.679031866,7981.720794712,,0,GPU-42e33043-7008-2803-9ba8-9bb9ef7d0845,ok,100,22,1528,348.884,79,1455,9501,4003,9228
17,7981.679031866,7981.763299012,,1,GPU-bff95c83-0adb-feb7-9825-359f31b26de8,ok,0,0,467,33.346,36,210,405,488,341
18,7982.679031866,7982.720824349,,0,GPU-42e33043-7008-2803-9ba8-9bb9ef7d0845,ok,100,21,1528,349.407,80,1470,9501,2685,13281
18,7982.679031866,7982.763332559,,1,GPU-bff95c83-0adb-feb7-9825-359f31b26de8,ok,0,0,467,40.118,36,210,405,439,341
19,7983.679031866,7983.720767555,,0,GPU-42e33043-7008-2803-9ba8-9bb9ef7d0845,ok,100,21,1528,349.446,80,1455,9501,3271,10595
19,7983.679031866,7983.763273826,,1,GPU-bff95c83-0adb-feb7-9825-359f31b26de8,ok,0,0,467,30.978,36,210,405,439,341
20,7984.679031866,7984.720814142,,0,GPU-42e33043-7008-2803-9ba8-9bb9ef7d0845,ok,100,21,1528,349.257,80,1440,9501,4003,9130
20,7984.679031866,7984.763300733,,1,GPU-bff95c83-0adb-feb7-9825-359f31b26de8,ok,0,0,467,29.251,36,210,405,439,292
21,7985.679031866,7985.720783019,,0,GPU-42e33043-7008-2803-9ba8-9bb9ef7d0845,ok,100,21,1528,348.622,80,1455,9501,2587,14306
21,7985.679031866,7985.763287179,,1,GPU-bff95c83-0adb-feb7-9825-359f31b26de8,ok,0,0,467,28.556,36,210,405,439,341
22,7986.679031866,7986.720811676,,0,GPU-42e33043-7008-2803-9ba8-9bb9ef7d0845,ok,100,19,1528,348.702,80,1455,9501,3710,8886
22,7986.679031866,7986.763302506,,1,GPU-bff95c83-0adb-feb7-9825-359f31b26de8,ok,0,0,467,28.492,36,210,405,488,341
23,7987.679031866,7987.720791673,,0,GPU-42e33043-7008-2803-9ba8-9bb9ef7d0845,ok,100,22,1528,348.842,81,1455,9501,3613,11621
23,7987.679031866,7987.763296013,,1,GPU-bff95c83-0adb-feb7-9825-359f31b26de8,ok,0,0,467,28.508,36,210,405,439,341
24,7988.679031866,7988.72080996,,0,GPU-42e33043-7008-2803-9ba8-9bb9ef7d0845,ok,100,21,1528,349.558,81,1425,9501,2929,10498
24,7988.679031866,7988.76331063,,1,GPU-bff95c83-0adb-feb7-9825-359f31b26de8,ok,0,0,467,32.147,36,210,405,439,341
25,7989.679031866,7989.720837767,,0,GPU-42e33043-7008-2803-9ba8-9bb9ef7d0845,ok,100,21,1528,349.113,81,1440,9501,3564,9619
25,7989.679031866,7989.763356467,,1,GPU-bff95c83-0adb-feb7-9825-359f31b26de8,ok,0,0,467,39.322,36,210,405,488,341
26,7990.679031866,7990.720849153,,0,GPU-42e33043-7008-2803-9ba8-9bb9ef7d0845,ok,100,20,1528,348.982,81,1425,9501,2539,11767
26,7990.679031866,7990.763359644,,1,GPU-bff95c83-0adb-feb7-9825-359f31b26de8,ok,0,0,467,30.142,36,210,405,439,341
27,7991.679031866,7991.72076697,,0,GPU-42e33043-7008-2803-9ba8-9bb9ef7d0845,ok,100,22,1528,349.294,81,1470,9501,4199,7519
27,7991.679031866,7991.76326759,,1,GPU-bff95c83-0adb-feb7-9825-359f31b26de8,ok,0,0,467,28.73,36,210,405,439,341
28,7992.679031866,7992.720791487,,0,GPU-42e33043-7008-2803-9ba8-9bb9ef7d0845,ok,100,21,1528,348.833,81,1455,9501,2734,13574
28,7992.679031866,7992.763273697,,1,GPU-bff95c83-0adb-feb7-9825-359f31b26de8,ok,0,0,467,28.468,36,210,405,439,341
29,7993.679031866,7993.720760484,,0,GPU-42e33043-7008-2803-9ba8-9bb9ef7d0845,ok,100,20,1528,348.952,81,1455,9501,3515,9472
29,7993.679031866,7993.763230254,,1,GPU-bff95c83-0adb-feb7-9825-359f31b26de8,ok,0,0,467,28.401,36,210,405,439,341
30,7994.679031866,7994.720808561,,0,GPU-42e33043-7008-2803-9ba8-9bb9ef7d0845,ok,100,20,1528,348.842,81,1455,9501,3369,14941
30,7994.679031866,7994.763300401,,1,GPU-bff95c83-0adb-feb7-9825-359f31b26de8,ok,0,0,467,28.53,36,210,405,439,341
31,7995.679031866,7995.720687187,,0,GPU-42e33043-7008-2803-9ba8-9bb9ef7d0845,ok,0,0,1528,231.356,71,1710,9501,390,292
31,7995.679031866,7995.763248418,,1,GPU-bff95c83-0adb-feb7-9825-359f31b26de8,ok,0,0,467,31.125,36,210,405,439,341
32,7996.679031866,7996.720594004,,0,GPU-42e33043-7008-2803-9ba8-9bb9ef7d0845,ok,0,0,1528,171.378,69,1710,9501,390,292
32,7996.679031866,7996.763303185,,1,GPU-bff95c83-0adb-feb7-9825-359f31b26de8,ok,0,0,467,39.371,36,210,405,488,341
33,7997.679031866,7997.720780781,,0,GPU-42e33043-7008-2803-9ba8-9bb9ef7d0845,ok,100,21,1528,210.778,78,1470,9501,2148,9912
33,7997.679031866,7997.763262191,,1,GPU-bff95c83-0adb-feb7-9825-359f31b26de8,ok,0,0,467,29.759,36,210,405,439,292
34,7998.679031866,7998.720775098,,0,GPU-42e33043-7008-2803-9ba8-9bb9ef7d0845,ok,100,21,1528,349.276,79,1455,9501,3222,10595
34,7998.679031866,7998.763259228,,1,GPU-bff95c83-0adb-feb7-9825-359f31b26de8,ok,0,0,467,28.525,36,210,405,439,341
35,7999.679031866,7999.720805275,,0,GPU-42e33043-7008-2803-9ba8-9bb9ef7d0845,ok,100,21,1528,348.886,80,1455,9501,3906,9033
35,7999.679031866,7999.763299605,,1,GPU-bff95c83-0adb-feb7-9825-359f31b26de8,ok,0,0,467,28.377,36,210,405,439,341
36,8000.679031866,8000.720819472,,0,GPU-42e33043-7008-2803-9ba8-9bb9ef7d0845,ok,100,21,1528,349.35,80,1440,9501,2539,12792
36,8000.679031866,8000.763196152,,1,GPU-bff95c83-0adb-feb7-9825-359f31b26de8,ok,0,0,467,28.384,36,210,405,439,341
37,8001.679031866,8001.720801289,,0,GPU-42e33043-7008-2803-9ba8-9bb9ef7d0845,ok,100,21,1528,349.317,80,1470,9501,3466,8984
37,8001.679031866,8001.763310309,,1,GPU-bff95c83-0adb-feb7-9825-359f31b26de8,ok,0,0,467,28.491,36,210,405,488,341
38,8002.679031866,8002.720764705,,0,GPU-42e33043-7008-2803-9ba8-9bb9ef7d0845,ok,100,21,1528,349.454,81,1455,9501,3222,12792
38,8002.679031866,8002.763160946,,1,GPU-bff95c83-0adb-feb7-9825-359f31b26de8,ok,0,0,467,29.9,36,210,405,488,341
39,8003.679031866,8003.720791612,,0,GPU-42e33043-7008-2803-9ba8-9bb9ef7d0845,ok,100,21,1528,349.171,81,1455,9501,3417,10791
39,8003.679031866,8003.763302452,,1,GPU-bff95c83-0adb-feb7-9825-359f31b26de8,ok,0,0,467,39.799,36,210,405,439,341
40,8004.679031866,8004.720766449,,0,GPU-42e33043-7008-2803-9ba8-9bb9ef7d0845,ok,100,21,1528,348.924,81,1455,9501,3515,10253
40,8004.679031866,8004.763250549,,1,GPU-bff95c83-0adb-feb7-9825-359f31b26de8,ok,0,0,467,30.861,36,210,405,439,341
41,8005.679031866,8005.720772626,,0,GPU-42e33043-7008-2803-9ba8-9bb9ef7d0845,ok,100,20,1528,349.072,81,1440,9501,2685,12402
41,8005.679031866,8005.763250276,,1,GPU-bff95c83-0adb-feb7-9825-359f31b26de8,ok,0,0,467,29.41,36,210,405,439,341
42,8006.679031866,8006.720795253,,0,GPU-42e33043-7008-2803-9ba8-9bb9ef7d0845,ok,100,21,1528,348.88,81,1440,9501,3710,8935
42,8006.679031866,8006.763284253,,1,GPU-bff95c83-0adb-feb7-9825-359f31b26de8,ok,0,0,467,28.812,36,210,405,439,341
43,8007.679031866,8007.72081069,,0,GPU-42e33043-7008-2803-9ba8-9bb9ef7d0845,ok,100,20,1528,349.063,81,1440,9501,2343,12304
43,8007.679031866,8007.76330077,,1,GPU-bff95c83-0adb-feb7-9825-359f31b26de8,ok,0,0,467,28.659,36,210,405,439,292
44,8008.679031866,8008.720818376,,0,GPU-42e33043-7008-2803-9ba8-9bb9ef7d0845,ok,100,21,1528,349.08,81,1455,9501,4101,7373
44,8008.679031866,8008.763296957,,1,GPU-bff95c83-0adb-feb7-9825-359f31b26de8,ok,0,0,467,28.803,36,210,405,439,341
45,8009.679031866,8009.720815573,,0,GPU-42e33043-7008-2803-9ba8-9bb9ef7d0845,ok,100,20,1528,349.15,81,1425,9501,2490,13037
45,8009.679031866,8009.763320904,,1,GPU-bff95c83-0adb-feb7-9825-359f31b26de8,ok,0,0,467,28.65,36,210,405,439,341
46,8010.679031866,8010.72083147,,0,GPU-42e33043-7008-2803-9ba8-9bb9ef7d0845,ok,100,21,1528,349.106,81,1455,9501,4052,7470
46,8010.679031866,8010.76334101,,1,GPU-bff95c83-0adb-feb7-9825-359f31b26de8,ok,0,0,467,39.272,36,210,405,439,341
47,8011.679031866,8011.720806887,,0,GPU-42e33043-7008-2803-9ba8-9bb9ef7d0845,ok,100,21,1528,349.064,81,1410,9501,2441,13232
47,8011.679031866,8011.763288627,,1,GPU-bff95c83-0adb-feb7-9825-359f31b26de8,ok,0,0,467,30.816,36,210,405,439,341
48,8012.679031866,8012.720823884,,0,GPU-42e33043-7008-2803-9ba8-9bb9ef7d0845,ok,100,21,1528,349.115,82,1440,9501,4101,7421
48,8012.679031866,8012.763298544,,1,GPU-bff95c83-0adb-feb7-9825-359f31b26de8,ok,0,0,467,29.42,36,210,405,439,341
49,8013.679031866,8013.720807421,,0,GPU-42e33043-7008-2803-9ba8-9bb9ef7d0845,ok,100,20,1528,348.894,82,1410,9501,2490,12841
49,8013.679031866,8013.763292131,,1,GPU-bff95c83-0adb-feb7-9825-359f31b26de8,ok,0,0,467,28.865,36,210,405,439,341
50,8014.679031866,8014.720817567,,0,GPU-42e33043-7008-2803-9ba8-9bb9ef7d0845,ok,100,22,1528,349.471,82,1410,9501,3906,7617
50,8014.679031866,8014.763309378,,1,GPU-bff95c83-0adb-feb7-9825-359f31b26de8,ok,0,0,467,28.649,36,210,405,439,341
51,8015.679031866,8015.720802214,,0,GPU-42e33043-7008-2803-9ba8-9bb9ef7d0845,ok,100,22,1528,349.362,82,1440,9501,2832,13232
51,8015.679031866,8015.763306725,,1,GPU-bff95c83-0adb-feb7-9825-359f31b26de8,ok,0,0,467,28.549,36,210,405,488,341
52,8016.679031866,8016.720777801,,0,GPU-42e33043-7008-2803-9ba8-9bb9ef7d0845,ok,100,22,1528,349.417,82,1410,9501,3906,7958
52,8016.679031866,8016.763295771,,1,GPU-bff95c83-0adb-feb7-9825-359f31b26de8,ok,0,0,467,28.495,36,210,405,488,341
53,8017.679031866,8017.720821158,,0,GPU-42e33043-7008-2803-9ba8-9bb9ef7d0845,ok,100,21,1528,349.265,82,1440,9501,2978,13134
53,8017.679031866,8017.763297018,,1,GPU-bff95c83-0adb-feb7-9825-359f31b26de8,ok,0,0,467,33.923,36,210,405,439,341
54,8018.679031866,8018.721029875,,0,GPU-42e33043-7008-2803-9ba8-9bb9ef7d0845,ok,100,21,1528,349.269,82,1440,9501,3466,8691
54,8018.679031866,8018.763532755,,1,GPU-bff95c83-0adb-feb7-9825-359f31b26de8,ok,0,0,467,39.72,36,210,405,488,341
55,8019.679031866,8019.720633972,,0,GPU-42e33043-7008-2803-9ba8-9bb9ef7d0845,ok,100,22,1528,349.41,82,1440,9501,3027,12939
55,8019.679031866,8019.763144382,,1,GPU-bff95c83-0adb-feb7-9825-359f31b26de8,ok,0,0,467,30.301,36,210,405,439,341
56,8020.679031866,8020.720775678,,0,GPU-42e33043-7008-2803-9ba8-9bb9ef7d0845,ok,100,21,1528,349.82,82,1395,9501,3710,8837
56,8020.679031866,8020.763258119,,1,GPU-bff95c83-0adb-feb7-9825-359f31b26de8,ok,0,0,467,29.023,36,210,405,439,341
57,8021.679031866,8021.720844615,,0,GPU-42e33043-7008-2803-9ba8-9bb9ef7d0845,ok,100,21,1528,348.588,82,1455,9501,2734,12792
57,8021.679031866,8021.763332406,,1,GPU-bff95c83-0adb-feb7-9825-359f31b26de8,ok,0,0,467,28.839,36,210,405,439,341
58,8022.679031866,8022.720493792,,0,GPU-42e33043-7008-2803-9ba8-9bb9ef7d0845,ok,100,22,1528,349.557,82,1410,9501,488,292
58,8022.679031866,8022.762995822,,1,GPU-bff95c83-0adb-feb7-9825-359f31b26de8,ok,0,0,467,28.894,36,210,405,439,341
59,8023.679031866,8023.720774999,,0,GPU-42e33043-7008-2803-9ba8-9bb9ef7d0845,ok,0,0,1528,206.898,72,1920,9501,390,244
59,8023.679031866,8023.763506889,,1,GPU-bff95c83-0adb-feb7-9825-359f31b26de8,ok,0,0,467,29.026,36,210,405,439,292
60,8024.679031866,8024.720747236,,0,GPU-42e33043-7008-2803-9ba8-9bb9ef7d0845,ok,0,0,1528,165.141,71,1695,9501,3955,9277
60,8024.679031866,8024.763220576,,1,GPU-bff95c83-0adb-feb7-9825-359f31b26de8,ok,0,0,467,33.475,36,210,405,439,341
61,8025.679031866,8025.720757073,,0,GPU-42e33043-7008-2803-9ba8-9bb9ef7d0845,ok,100,22,1528,305.298,79,1290,9501,3613,11181
61,8025.679031866,8025.763235273,,1,GPU-bff95c83-0adb-feb7-9825-359f31b26de8,ok,0,0,467,39.949,36,210,405,439,341
62,8026.679031866,8026.720751669,,0,GPU-42e33043-7008-2803-9ba8-9bb9ef7d0845,ok,100,19,1528,347.539,80,1425,9501,2587,13232
62,8026.679031866,8026.76325028,,1,GPU-bff95c83-0adb-feb7-9825-359f31b26de8,ok,0,0,467,30.123,36,210,405,439,341
63,8027.679031866,8027.720738226,,0,GPU-42e33043-7008-2803-9ba8-9bb9ef7d0845,ok,100,20,1528,348.374,81,1440,9501,4101,8593
63,8027.679031866,8027.763211807,,1,GPU-bff95c83-0adb-feb7-9825-359f31b26de8,ok,0,0,467,28.938,36,210,405,439,341
64,8028.679031866,8028.720794653,,0,GPU-42e33043-7008-2803-9ba8-9bb9ef7d0845,ok,100,20,1528,348.681,81,1440,9501,2587,12988
64,8028.679031866,8028.763288893,,1,GPU-bff95c83-0adb-feb7-9825-359f31b26de8,ok,0,0,467,28.809,36,210,405,439,341
65,8029.679031866,8029.72077172,,0,GPU-42e33043-7008-2803-9ba8-9bb9ef7d0845,ok,100,20,1528,348.553,81,1440,9501,4052,7714
65,8029.679031866,8029.76324603,,1,GPU-bff95c83-0adb-feb7-9825-359f31b26de8,ok,0,0,467,28.846,36,210,405,439,341
66,8030.679031866,8030.720809097,,0,GPU-42e33043-7008-2803-9ba8-9bb9ef7d0845,ok,100,21,1528,348.86,81,1455,9501,2636,14062
66,8030.679031866,8030.763087217,,1,GPU-bff95c83-0adb-feb7-9825-359f31b26de8,ok,0,0,467,29.127,36,210,405,488,341
67,8031.679031866,8031.720781094,,0,GPU-42e33043-7008-2803-9ba8-9bb9ef7d0845,ok,100,22,1528,348.98,81,1425,9501,3613,8300
67,8031.679031866,8031.763259274,,1,GPU-bff95c83-0adb-feb7-9825-359f31b26de8,ok,0,0,467,32.861,36,210,405,488,341
68,8032.679031866,8032.72072819,,0,GPU-42e33043-7008-2803-9ba8-9bb9ef7d0845,ok,100,20,1528,348.966,81,1440,9501,2734,13476
68,8032.679031866,8032.763185141,,1,GPU-bff95c83-0adb-feb7-9825-359f31b26de8,ok,0,0,467,40.435,36,210,405,439,341
69,8033.679031866,8033.720724467,,0,GPU-42e33043-7008-2803-9ba8-9bb9ef7d0845,ok,100,21,1528,348.635,81,1440,9501,3662,9375
69,8033.679031866,8033.763125988,,1,GPU-bff95c83-0adb-feb7-9825-359f31b26de8,ok,0,0,467,30.879,36,210,405,488,390
70,8034.679031866,8034.720753964,,0,GPU-42e33043-7008-2803-9ba8-9bb9ef7d0845,ok,100,21,1528,348.786,81,1440,9501,3271,11816
70,8034.679031866,8034.763247904,,1,GPU-bff95c83-0adb-feb7-9825-359f31b26de8,ok,0,0,467,29.326,36,210,405,488,341
71,8035.679031866,8035.720798881,,0,GPU-42e33043-7008-2803-9ba8-9bb9ef7d0845,ok,100,20,1528,349.022,81,1410,9501,3320,9619
71,8035.679031866,8035.763277291,,1,GPU-bff95c83-0adb-feb7-9825-359f31b26de8,ok,0,0,467,28.683,36,210,405,439,341
72,8036.679031866,8036.720810508,,0,GPU-42e33043-7008-2803-9ba8-9bb9ef7d0845,ok,100,20,1528,348.671,81,1455,9501,3271,10839
72,8036.679031866,8036.763310228,,1,GPU-bff95c83-0adb-feb7-9825-359f31b26de8,ok,0,0,467,28.671,36,210,405,439,341
73,8037.679031866,8037.720804335,,0,GPU-42e33043-7008-2803-9ba8-9bb9ef7d0845,ok,100,22,1528,349.117,81,1395,9501,3076,14160
73,8037.679031866,8037.763292145,,1,GPU-bff95c83-0adb-feb7-9825-359f31b26de8,ok,0,0,467,28.796,36,210,405,439,341
74,8038.679031866,8038.720811302,,0,GPU-42e33043-7008-2803-9ba8-9bb9ef7d0845,ok,100,20,1528,348.813,81,1455,9501,3662,10302
74,8038.679031866,8038.763291322,,1,GPU-bff95c83-0adb-feb7-9825-359f31b26de8,ok,0,0,467,31.086,36,210,405,488,341
75,8039.679031866,8039.720803768,,0,GPU-42e33043-7008-2803-9ba8-9bb9ef7d0845,ok,100,21,1528,348.769,81,1425,9501,2832,11572
75,8039.679031866,8039.763299549,,1,GPU-bff95c83-0adb-feb7-9825-359f31b26de8,ok,0,0,467,39.332,36,210,405,488,341
76,8040.679031866,8040.720796745,,0,GPU-42e33043-7008-2803-9ba8-9bb9ef7d0845,ok,100,21,1528,348.913,82,1455,9501,3759,9765
76,8040.679031866,8040.763314405,,1,GPU-bff95c83-0adb-feb7-9825-359f31b26de8,ok,0,0,467,30.283,36,210,405,439,341
77,8041.679031866,8041.720814182,,0,GPU-42e33043-7008-2803-9ba8-9bb9ef7d0845,ok,100,21,1528,349.362,82,1410,9501,2783,11523
77,8041.679031866,8041.763288082,,1,GPU-bff95c83-0adb-feb7-9825-359f31b26de8,ok,0,0,467,29.032,36,210,405,439,341
78,8042.679031866,8042.720793309,,0,GPU-42e33043-7008-2803-9ba8-9bb9ef7d0845,ok,100,21,1528,349.045,82,1455,9501,4003,9716
78,8042.679031866,8042.763268219,,1,GPU-bff95c83-0adb-feb7-9825-359f31b26de8,ok,0,0,467,28.681,36,210,405,439,341
79,8043.679031866,8043.720788046,,0,GPU-42e33043-7008-2803-9ba8-9bb9ef7d0845,ok,100,21,1528,349.171,82,1410,9501,2685,12646
79,8043.679031866,8043.763165376,,1,GPU-bff95c83-0adb-feb7-9825-359f31b26de8,ok,0,0,467,28.561,36,210,405,439,341
80,8044.679031866,8044.720776063,,0,GPU-42e33043-7008-2803-9ba8-9bb9ef7d0845,ok,100,21,1528,349.001,82,1455,9501,3955,9619
80,8044.679031866,8044.763270283,,1,GPU-bff95c83-0adb-feb7-9825-359f31b26de8,ok,0,0,467,28.633,36,210,405,488,341
81,8045.679031866,8045.720793829,,0,GPU-42e33043-7008-2803-9ba8-9bb9ef7d0845,ok,100,21,1528,349.55,82,1395,9501,2783,12207
81,8045.679031866,8045.76319274,,1,GPU-bff95c83-0adb-feb7-9825-359f31b26de8,ok,0,0,467,29.625,36,210,405,488,341
82,8046.679031866,8046.720800736,,0,GPU-42e33043-7008-2803-9ba8-9bb9ef7d0845,ok,100,20,1528,349.165,82,1440,9501,3857,9619
82,8046.679031866,8046.763282706,,1,GPU-bff95c83-0adb-feb7-9825-359f31b26de8,ok,0,0,467,39.791,36,210,405,439,341
83,8047.679031866,8047.720808033,,0,GPU-42e33043-7008-2803-9ba8-9bb9ef7d0845,ok,100,22,1528,348.985,82,1410,9501,2880,10888
83,8047.679031866,8047.763305313,,1,GPU-bff95c83-0adb-feb7-9825-359f31b26de8,ok,0,0,467,29.796,36,210,405,439,341
84,8048.679031866,8048.72079452,,0,GPU-42e33043-7008-2803-9ba8-9bb9ef7d0845,ok,100,20,1528,348.895,82,1440,9501,3808,9863
84,8048.679031866,8048.76327586,,1,GPU-bff95c83-0adb-feb7-9825-359f31b26de8,ok,0,0,467,28.457,36,210,405,439,341
85,8049.679031866,8049.720802047,,0,GPU-42e33043-7008-2803-9ba8-9bb9ef7d0845,ok,100,21,1528,348.855,82,1440,9501,2783,11035
85,8049.679031866,8049.763296267,,1,GPU-bff95c83-0adb-feb7-9825-359f31b26de8,ok,0,0,467,28.236,36,210,405,439,341
86,8050.679031866,8050.720766304,,0,GPU-42e33043-7008-2803-9ba8-9bb9ef7d0845,ok,29,9,1528,336.846,77,1860,9501,390,292
86,8050.679031866,8050.763497744,,1,GPU-bff95c83-0adb-feb7-9825-359f31b26de8,ok,0,0,467,28.421,36,210,405,439,341
87,8051.679031866,8051.72073317,,0,GPU-42e33043-7008-2803-9ba8-9bb9ef7d0845,ok,0,0,1528,186.848,72,1920,9501,341,292
87,8051.679031866,8051.763393171,,1,GPU-bff95c83-0adb-feb7-9825-359f31b26de8,ok,0,0,467,28.571,36,210,405,488,341
88,8052.679031866,8052.720535607,,0,GPU-42e33043-7008-2803-9ba8-9bb9ef7d0845,ok,0,0,1528,152.989,68,1695,9501,390,292
88,8052.679031866,8052.762970727,,1,GPU-bff95c83-0adb-feb7-9825-359f31b26de8,ok,0,0,467,28.207,36,210,405,439,341
89,8053.679031866,8053.720246264,,0,GPU-42e33043-7008-2803-9ba8-9bb9ef7d0845,ok,0,0,464,129.87,67,1695,9751,439,341
89,8053.679031866,8053.762616554,,1,GPU-bff95c83-0adb-feb7-9825-359f31b26de8,ok,0,0,464,39.717,36,210,405,488,390
90,8054.679031866,8054.720227351,,0,GPU-42e33043-7008-2803-9ba8-9bb9ef7d0845,ok,0,0,728,122.947,65,570,5001,390,292
90,8054.679031866,8054.762616301,,1,GPU-bff95c83-0adb-feb7-9825-359f31b26de8,ok,0,0,467,35.088,36,210,405,439,390
91,8055.679031866,8055.720661198,,0,GPU-42e33043-7008-2803-9ba8-9bb9ef7d0845,ok,100,1,984,125.917,67,1950,9501,7150439,6899023
91,8055.679031866,8055.763146748,,1,GPU-bff95c83-0adb-feb7-9825-359f31b26de8,ok,0,0,467,41.692,36,210,405,439,341
92,8056.679031866,8056.720678745,,0,GPU-42e33043-7008-2803-9ba8-9bb9ef7d0845,ok,100,1,984,164.785,67,1950,9501,591894,4543164
92,8056.679031866,8056.763161975,,1,GPU-bff95c83-0adb-feb7-9825-359f31b26de8,ok,0,0,467,41.655,36,210,405,439,341
93,8057.679031866,8057.720545051,,0,GPU-42e33043-7008-2803-9ba8-9bb9ef7d0845,ok,100,1,984,165.032,67,1950,9501,5030078,292
93,8057.679031866,8057.763013322,,1,GPU-bff95c83-0adb-feb7-9825-359f31b26de8,ok,0,0,467,29.328,36,210,405,439,341
94,8058.679031866,8058.720647548,,0,GPU-42e33043-7008-2803-9ba8-9bb9ef7d0845,ok,100,1,984,164.234,67,1950,9501,6756250,6899072
94,8058.679031866,8058.763147458,,1,GPU-bff95c83-0adb-feb7-9825-359f31b26de8,ok,0,0,467,28.222,36,210,405,439,341
95,8059.679031866,8059.720663075,,0,GPU-42e33043-7008-2803-9ba8-9bb9ef7d0845,ok,100,1,984,163.531,67,1950,9501,591894,4129931
95,8059.679031866,8059.763200015,,1,GPU-bff95c83-0adb-feb7-9825-359f31b26de8,ok,0,0,467,28.117,36,210,405,488,390
96,8060.679031866,8060.720582742,,0,GPU-42e33043-7008-2803-9ba8-9bb9ef7d0845,ok,100,1,984,162.868,66,1950,9501,5428808,292
96,8060.679031866,8060.763085712,,1,GPU-bff95c83-0adb-feb7-9825-359f31b26de8,ok,0,0,467,33.756,36,210,405,439,341
97,8061.679031866,8061.720640659,,0,GPU-42e33043-7008-2803-9ba8-9bb9ef7d0845,ok,100,1,984,162.412,66,1950,9501,6313476,6891259
97,8061.679031866,8061.763130709,,1,GPU-bff95c83-0adb-feb7-9825-359f31b26de8,ok,0,0,467,39.845,36,210,405,439,341
98,8062.679031866,8062.720674276,,0,GPU-42e33043-7008-2803-9ba8-9bb9ef7d0845,ok,100,1,984,161.957,66,1950,9501,591796,3674658
98,8062.679031866,8062.763175796,,1,GPU-bff95c83-0adb-feb7-9825-359f31b26de8,ok,0,0,467,30.554,36,210,405,439,341
99,8063.679031866,8063.720590592,,0,GPU-42e33043-7008-2803-9ba8-9bb9ef7d0845,ok,100,1,984,161.594,66,1950,9501,5815039,292
99,8063.679031866,8063.763084483,,1,GPU-bff95c83-0adb-feb7-9825-359f31b26de8,ok,0,0,467,29.055,36,210,405,488,341
100,8064.679031866,8064.720678609,,0,GPU-42e33043-7008-2803-9ba8-9bb9ef7d0845,ok,100,1,984,161.249,66,1950,9501,5930615,6899951
100,8064.679031866,8064.763173749,,1,GPU-bff95c83-0adb-feb7-9825-359f31b26de8,ok,0,0,467,28.385,36,210,405,439,341
101,8065.679031866,8065.720676016,,0,GPU-42e33043-7008-2803-9ba8-9bb9ef7d0845,ok,100,1,984,160.941,66,1950,9501,591845,3266748
101,8065.679031866,8065.763160076,,1,GPU-bff95c83-0adb-feb7-9825-359f31b26de8,ok,0,0,467,28.457,36,210,405,439,341
102,8066.679031866,8066.720591713,,0,GPU-42e33043-7008-2803-9ba8-9bb9ef7d0845,ok,100,1,984,160.433,65,1950,9501,6254199,292
102,8066.679031866,8066.763067873,,1,GPU-bff95c83-0adb-feb7-9825-359f31b26de8,ok,0,0,467,28.742,36,210,405,439,341
103,8067.679031866,8067.72070232,,0,GPU-42e33043-7008-2803-9ba8-9bb9ef7d0845,ok,100,1,984,160.14,65,1950,9501,5493554,6901660
103,8067.679031866,8067.76319681,,1,GPU-bff95c83-0adb-feb7-9825-359f31b26de8,ok,0,0,467,32.7,36,210,405,439,341
104,8068.679031866,8068.720693197,,0,GPU-42e33043-7008-2803-9ba8-9bb9ef7d0845,ok,100,1,984,160.066,65,1950,9501,591796,2808007
104,8068.679031866,8068.763201547,,1,GPU-bff95c83-0adb-feb7-9825-359f31b26de8,ok,0,0,467,39.53,36,210,405,439,341
105,8069.679031866,8069.720581853,,0,GPU-42e33043-7008-2803-9ba8-9bb9ef7d0845,ok,100,1,984,159.757,65,1950,9501,6681201,292
105,8069.679031866,8069.763059374,,1,GPU-bff95c83-0adb-feb7-9825-359f31b26de8,ok,0,0,467,29.981,36,210,405,439,341
106,8070.679031866,8070.72069256,,0,GPU-42e33043-7008-2803-9ba8-9bb9ef7d0845,ok,100,1,984,159.573,65,1950,9501,5057910,6900000
106,8070.679031866,8070.76317957,,1,GPU-bff95c83-0adb-feb7-9825-359f31b26de8,ok,0,0,467,28.689,36,210,405,439,341
107,8071.679031866,8071.720700987,,0,GPU-42e33043-7008-2803-9ba8-9bb9ef7d0845,ok,100,1,984,159.403,65,1950,9501,592529,2351708
107,8071.679031866,8071.763170467,,1,GPU-bff95c83-0adb-feb7-9825-359f31b26de8,ok,0,0,467,28.322,36,210,405,439,341
108,8072.679031866,8072.720620124,,0,GPU-42e33043-7008-2803-9ba8-9bb9ef7d0845,ok,100,1,984,159.275,65,1950,9501,7115380,388427
108,8072.679031866,8072.763097674,,1,GPU-bff95c83-0adb-feb7-9825-359f31b26de8,ok,0,0,467,28.225,36,210,405,439,341
109,8073.679031866,8073.720703911,,0,GPU-42e33043-7008-2803-9ba8-9bb9ef7d0845,ok,100,1,984,159.102,65,1950,9501,4625488,6905712
109,8073.679031866,8073.763084661,,1,GPU-bff95c83-0adb-feb7-9825-359f31b26de8,ok,0,0,467,28.331,36,210,405,439,341
110,8074.679031866,8074.720671718,,0,GPU-42e33043-7008-2803-9ba8-9bb9ef7d0845,ok,100,1,984,159.011,65,1950,9501,591748,1903173
110,8074.679031866,8074.763159568,,1,GPU-bff95c83-0adb-feb7-9825-359f31b26de8,ok,0,0,467,31.908,36,210,405,439,341
111,8075.679031866,8075.720585174,,0,GPU-42e33043-7008-2803-9ba8-9bb9ef7d0845,ok,100,1,984,158.955,64,1950,9501,7199462,840332
111,8075.679031866,8075.763058735,,1,GPU-bff95c83-0adb-feb7-9825-359f31b26de8,ok,0,0,467,39.691,36,210,405,439,341
112,8076.679031866,8076.720696251,,0,GPU-42e33043-7008-2803-9ba8-9bb9ef7d0845,ok,100,1,984,159.029,64,1950,9501,4179980,6904785
112,8076.679031866,8076.763169822,,1,GPU-bff95c83-0adb-feb7-9825-359f31b26de8,ok,0,0,467,30.854,36,210,405,439,341
113,8077.679031866,8077.720691578,,0,GPU-42e33043-7008-2803-9ba8-9bb9ef7d0845,ok,100,1,984,158.953,64,1950,9501,591845,1438476
113,8077.679031866,8077.763155388,,1,GPU-bff95c83-0adb-feb7-9825-359f31b26de8,ok,0,0,467,29.092,36,210,405,439,341
114,8078.679031866,8078.720581275,,0,GPU-42e33043-7008-2803-9ba8-9bb9ef7d0845,ok,100,1,984,158.864,64,1950,9501,7199218,1304541
114,8078.679031866,8078.763081605,,1,GPU-bff95c83-0adb-feb7-9825-359f31b26de8,ok,0,0,467,28.366,36,210,405,439,341
115,8079.679031866,8079.720681152,,0,GPU-42e33043-7008-2803-9ba8-9bb9ef7d0845,ok,100,1,984,158.749,64,1950,9501,3735302,6900146
115,8079.679031866,8079.763159702,,1,GPU-bff95c83-0adb-feb7-9825-359f31b26de8,ok,0,0,467,28.557,36,210,405,439,341
116,8080.679031866,8080.720691099,,0,GPU-42e33043-7008-2803-9ba8-9bb9ef7d0845,ok,100,1,984,158.722,64,1950,9501,591796,979785
116,8080.679031866,8080.763187219,,1,GPU-bff95c83-0adb-feb7-9825-359f31b26de8,ok,0,0,467,28.78,36,210,405,439,341
117,8081.679031866,8081.720587595,,0,GPU-42e33043-7008-2803-9ba8-9bb9ef7d0845,ok,100,1,984,158.765,64,1950,9501,7199658,1767236
117,8081.679031866,8081.763101136,,1,GPU-bff95c83-0adb-feb7-9825-359f31b26de8,ok,0,0,467,30.996,36,210,405,439,341
118,8082.679031866,8082.720682662,,0,GPU-42e33043-7008-2803-9ba8-9bb9ef7d0845,ok,100,1,984,158.684,64,1950,9501,3291552,6899267
118,8082.679031866,8082.763152403,,1,GPU-bff95c83-0adb-feb7-9825-359f31b26de8,ok,0,0,467,39.145,36,210,405,439,341
119,8083.679031866,8083.720725719,,0,GPU-42e33043-7008-2803-9ba8-9bb9ef7d0845,ok,100,1,984,158.574,64,1950,9501,591894,502441
119,8083.679031866,8083.763231939,,1,GPU-bff95c83-0adb-feb7-9825-359f31b26de8,ok,0,0,467,30.317,36,210,405,439,341
120,8084.679031866,8084.720598416,,0,GPU-42e33043-7008-2803-9ba8-9bb9ef7d0845,ok,100,1,984,158.473,64,1950,9501,7207714,2234765
120,8084.679031866,8084.763117376,,1,GPU-bff95c83-0adb-feb7-9825-359f31b26de8,ok,0,0,467,28.913,36,210,405,439,341
121,8085.679031866,8085.720681323,,0,GPU-42e33043-7008-2803-9ba8-9bb9ef7d0845,ok,100,1,984,158.481,64,1950,9501,2848779,6900634
121,8085.679031866,8085.763160253,,1,GPU-bff95c83-0adb-feb7-9825-359f31b26de8,ok,0,0,467,28.56,36,210,405,488,341
122,8086.679031866,8086.72066568,,0,GPU-42e33043-7008-2803-9ba8-9bb9ef7d0845,ok,100,1,984,158.454,64,1950,9501,591796,112255
122,8086.679031866,8086.76308336,,1,GPU-bff95c83-0adb-feb7-9825-359f31b26de8,ok,0,0,467,28.622,36,210,405,439,341
123,8087.679031866,8087.720575676,,0,GPU-42e33043-7008-2803-9ba8-9bb9ef7d0845,ok,100,1,984,158.426,64,1950,9501,7198779,2633984
123,8087.679031866,8087.763040747,,1,GPU-bff95c83-0adb-feb7-9825-359f31b26de8,ok,0,0,467,28.723,36,210,405,439,341
124,8088.679031866,8088.720664263,,0,GPU-42e33043-7008-2803-9ba8-9bb9ef7d0845,ok,100,1,984,158.432,64,1950,9501,2462402,6898291
124,8088.679031866,8088.763157404,,1,GPU-bff95c83-0adb-feb7-9825-359f31b26de8,ok,0,0,467,29.62,36,210,405,439,341
125,8089.679031866,8089.72058239,,0,GPU-42e33043-7008-2803-9ba8-9bb9ef7d0845,ok,100,1,984,158.469,64,1950,9501,810693,292
125,8089.679031866,8089.76307683,,1,GPU-bff95c83-0adb-feb7-9825-359f31b26de8,ok,0,0,467,39.477,36,210,405,488,341
126,8090.679031866,8090.720579137,,0,GPU-42e33043-7008-2803-9ba8-9bb9ef7d0845,ok,100,1,984,158.397,64,1950,9501,7198632,3095410
126,8090.679031866,8090.763108847,,1,GPU-bff95c83-0adb-feb7-9825-359f31b26de8,ok,0,0,467,30.208,36,210,405,439,341
127,8091.679031866,8091.720669464,,0,GPU-42e33043-7008-2803-9ba8-9bb9ef7d0845,ok,100,1,984,158.423,63,1950,9501,2014257,6899951
127,8091.679031866,8091.763130584,,1,GPU-bff95c83-0adb-feb7-9825-359f31b26de8,ok,0,0,467,28.841,36,210,405,488,341
128,8092.679031866,8092.720574161,,0,GPU-42e33043-7008-2803-9ba8-9bb9ef7d0845,ok,100,1,984,158.375,63,1950,9501,1258007,292
128,8092.679031866,8092.763037791,,1,GPU-bff95c83-0adb-feb7-9825-359f31b26de8,ok,0,0,467,28.416,36,210,405,439,341
129,8093.679031866,8093.720578947,,0,GPU-42e33043-7008-2803-9ba8-9bb9ef7d0845,ok,100,1,984,158.279,63,1950,9501,7198535,3519287
129,8093.679031866,8093.763051498,,1,GPU-bff95c83-0adb-feb7-9825-359f31b26de8,ok,0,0,467,28.429,36,210,405,439,341
130,8094.679031866,8094.720685694,,0,GPU-42e33043-7008-2803-9ba8-9bb9ef7d0845,ok,100,1,984,158.275,63,1950,9501,1611230,6900146
130,8094.679031866,8094.763158215,,1,GPU-bff95c83-0adb-feb7-9825-359f31b26de8,ok,0,0,467,28.544,36,210,405,439,341
131,8095.679031866,8095.720585481,,0,GPU-42e33043-7008-2803-9ba8-9bb9ef7d0845,ok,100,1,984,158.207,63,1950,9501,1662353,292
131,8095.679031866,8095.763039001,,1,GPU-bff95c83-0adb-feb7-9825-359f31b26de8,ok,0,0,467,28.226,36,210,405,488,341
132,8096.679031866,8096.720601208,,0,GPU-42e33043-7008-2803-9ba8-9bb9ef7d0845,ok,100,1,984,158.245,63,1950,9501,7207519,3986865
132,8096.679031866,8096.763115368,,1,GPU-bff95c83-0adb-feb7-9825-359f31b26de8,ok,0,0,467,39.147,36,210,405,439,341
133,8097.679031866,8097.720663315,,0,GPU-42e33043-7008-2803-9ba8-9bb9ef7d0845,ok,100,1,984,158.226,63,1950,9501,1176171,6899072
133,8097.679031866,8097.763171095,,1,GPU-bff95c83-0adb-feb7-9825-359f31b26de8,ok,0,0,467,39.334,36,210,405,439,341
134,8098.679031866,8098.720615232,,0,GPU-42e33043-7008-2803-9ba8-9bb9ef7d0845,ok,100,1,984,158.149,63,1950,9501,2115136,292
134,8098.679031866,8098.763125032,,1,GPU-bff95c83-0adb-feb7-9825-359f31b26de8,ok,0,0,467,29.06,36,210,405,439,341
135,8099.679031866,8099.720585788,,0,GPU-42e33043-7008-2803-9ba8-9bb9ef7d0845,ok,100,1,984,158.258,63,1950,9501,7200488,4444433
135,8099.679031866,8099.763041639,,1,GPU-bff95c83-0adb-feb7-9825-359f31b26de8,ok,0,0,467,27.983,36,210,405,439,341
136,8100.679031866,8100.720687495,,0,GPU-42e33043-7008-2803-9ba8-9bb9ef7d0845,ok,100,1,984,158.23,63,1950,9501,721289,6899023
136,8100.679031866,8100.763178626,,1,GPU-bff95c83-0adb-feb7-9825-359f31b26de8,ok,0,0,467,28.072,36,210,405,439,341
137,8101.679031866,8101.720585402,,0,GPU-42e33043-7008-2803-9ba8-9bb9ef7d0845,ok,100,1,984,158.25,63,1950,9501,2548876,292
137,8101.679031866,8101.763074352,,1,GPU-bff95c83-0adb-feb7-9825-359f31b26de8,ok,0,0,467,28.054,36,210,405,439,341
138,8102.679031866,8102.720602249,,0,GPU-42e33043-7008-2803-9ba8-9bb9ef7d0845,ok,100,1,984,158.223,63,1950,9501,7206640,4906591
138,8102.679031866,8102.763098709,,1,GPU-bff95c83-0adb-feb7-9825-359f31b26de8,ok,0,0,467,28.053,36,210,405,390,292
139,8103.679031866,8103.720685026,,0,GPU-42e33043-7008-2803-9ba8-9bb9ef7d0845,ok,100,1,984,158.114,63,1950,9501,591796,6672119
139,8103.679031866,8103.763178416,,1,GPU-bff95c83-0adb-feb7-9825-359f31b26de8,ok,0,0,467,33.342,36,210,405,537,341
140,8104.679031866,8104.720584553,,0,GPU-42e33043-7008-2803-9ba8-9bb9ef7d0845,ok,100,1,984,158.187,63,1950,9501,2976953,292
140,8104.679031866,8104.763071323,,1,GPU-bff95c83-0adb-feb7-9825-359f31b26de8,ok,0,0,467,39.715,36,210,405,439,341
141,8105.679031866,8105.720590239,,0,GPU-42e33043-7008-2803-9ba8-9bb9ef7d0845,ok,100,1,984,158.179,63,1950,9501,7204882,5303857
141,8105.679031866,8105.76310034,,1,GPU-bff95c83-0adb-feb7-9825-359f31b26de8,ok,0,0,467,30.422,36,210,405,439,341
142,8106.679031866,8106.720668686,,0,GPU-42e33043-7008-2803-9ba8-9bb9ef7d0845,ok,100,1,984,158.122,63,1950,9501,591699,6266650
142,8106.679031866,8106.763173027,,1,GPU-bff95c83-0adb-feb7-9825-359f31b26de8,ok,0,0,467,29.05,36,210,405,439,341
143,8107.679031866,8107.720589073,,0,GPU-42e33043-7008-2803-9ba8-9bb9ef7d0845,ok,100,1,984,158.098,63,1950,9501,3379052,292
143,8107.679031866,8107.763073543,,1,GPU-bff95c83-0adb-feb7-9825-359f31b26de8,ok,0,0,467,28.454,36,210,405,439,341
144,8108.679031866,8108.72058399,,0,GPU-42e33043-7008-2803-9ba8-9bb9ef7d0845,ok,100,1,984,158.102,63,1950,9501,7199755,5765478
144,8108.679031866,8108.76305003,,1,GPU-bff95c83-0adb-feb7-9825-359f31b26de8,ok,0,0,467,28.169,36,210,405,488,341
145,8109.679031866,8109.720660527,,0,GPU-42e33043-7008-2803-9ba8-9bb9ef7d0845,ok,100,1,984,158.121,63,1950,9501,591259,5804003
145,8109.679031866,8109.763141037,,1,GPU-bff95c83-0adb-feb7-9825-359f31b26de8,ok,0,0,467,28.219,36,210,405,439,341
146,8110.679031866,8110.720602214,,0,GPU-42e33043-7008-2803-9ba8-9bb9ef7d0845,ok,100,1,984,158.105,63,1950,9501,3828613,292
146,8110.679031866,8110.763096384,,1,GPU-bff95c83-0adb-feb7-9825-359f31b26de8,ok,0,0,467,32.519,36,210,405,439,341
147,8111.679031866,8111.720599801,,0,GPU-42e33043-7008-2803-9ba8-9bb9ef7d0845,ok,100,1,984,158.151,63,1950,9501,7198144,6231054
147,8111.679031866,8111.763098631,,1,GPU-bff95c83-0adb-feb7-9825-359f31b26de8,ok,0,0,467,39.183,36,210,405,488,341
148,8112.679031866,8112.720704107,,0,GPU-42e33043-7008-2803-9ba8-9bb9ef7d0845,ok,100,1,984,158.092,63,1950,9501,592333,5328662
148,8112.679031866,8112.763207418,,1,GPU-bff95c83-0adb-feb7-9825-359f31b26de8,ok,0,0,467,30.028,36,210,405,439,341
149,8113.679031866,8113.720617514,,0,GPU-42e33043-7008-2803-9ba8-9bb9ef7d0845,ok,100,1,984,158.101,63,1950,9501,4185009,292
149,8113.679031866,8113.763112334,,1,GPU-bff95c83-0adb-feb7-9825-359f31b26de8,ok,0,0,467,28.513,36,210,405,439,341
150,8114.679031866,8114.720339651,,0,GPU-42e33043-7008-2803-9ba8-9bb9ef7d0845,ok,8,0,984,157.767,63,1950,9501,390,292
150,8114.679031866,8114.762823231,,1,GPU-bff95c83-0adb-feb7-9825-359f31b26de8,ok,0,0,467,28.029,36,210,405,439,341
151,8115.679031866,8115.720164578,,0,GPU-42e33043-7008-2803-9ba8-9bb9ef7d0845,ok,0,0,464,156.061,63,1950,9751,341,244
151,8115.679031866,8115.762591728,,1,GPU-bff95c83-0adb-feb7-9825-359f31b26de8,ok,0,0,464,33.373,36,210,405,439,341
152,8116.679031866,8116.720769685,,0,GPU-42e33043-7008-2803-9ba8-9bb9ef7d0845,ok,0,0,1528,135.678,59,480,810,2978,19140
152,8116.679031866,8116.763241115,,1,GPU-bff95c83-0adb-feb7-9825-359f31b26de8,ok,0,0,467,36.099,36,210,405,537,341
153,8117.679031866,8117.720761352,,0,GPU-42e33043-7008-2803-9ba8-9bb9ef7d0845,ok,100,24,1528,284.105,73,1485,9501,2587,14746
153,8117.679031866,8117.763274902,,1,GPU-bff95c83-0adb-feb7-9825-359f31b26de8,ok,0,0,467,42.117,36,210,405,439,292
154,8118.679031866,8118.720758468,,0,GPU-42e33043-7008-2803-9ba8-9bb9ef7d0845,ok,100,24,1528,348.422,74,1470,9501,2636,13916
154,8118.679031866,8118.763252699,,1,GPU-bff95c83-0adb-feb7-9825-359f31b26de8,ok,0,0,467,41.974,36,210,405,439,341
155,8119.679031866,8119.720748765,,0,GPU-42e33043-7008-2803-9ba8-9bb9ef7d0845,ok,100,23,1528,349.123,75,1485,9501,2685,14160
155,8119.679031866,8119.763245046,,1,GPU-bff95c83-0adb-feb7-9825-359f31b26de8,ok,0,0,467,30.155,36,210,405,439,341
156,8120.679031866,8120.720754222,,0,GPU-42e33043-7008-2803-9ba8-9bb9ef7d0845,ok,100,23,1528,349.354,75,1455,9501,2490,13916
156,8120.679031866,8120.763269462,,1,GPU-bff95c83-0adb-feb7-9825-359f31b26de8,ok,0,0,467,29.052,36,210,405,439,341
157,8121.679031866,8121.720799589,,0,GPU-42e33043-7008-2803-9ba8-9bb9ef7d0845,ok,100,22,1528,349.411,76,1455,9501,2832,13671
157,8121.679031866,8121.763307539,,1,GPU-bff95c83-0adb-feb7-9825-359f31b26de8,ok,0,0,467,28.784,36,210,405,439,341
158,8122.679031866,8122.720753906,,0,GPU-42e33043-7008-2803-9ba8-9bb9ef7d0845,ok,100,22,1528,348.585,76,1470,9501,3466,10888
158,8122.679031866,8122.763259676,,1,GPU-bff95c83-0adb-feb7-9825-359f31b26de8,ok,0,0,467,28.635,36,210,405,439,341
159,8123.679031866,8123.720793923,,0,GPU-42e33043-7008-2803-9ba8-9bb9ef7d0845,ok,100,22,1528,348.985,77,1440,9501,3955,8544
159,8123.679031866,8123.763302973,,1,GPU-bff95c83-0adb-feb7-9825-359f31b26de8,ok,0,0,467,28.824,36,210,405,439,341
160,8124.679031866,8124.720802909,,0,GPU-42e33043-7008-2803-9ba8-9bb9ef7d0845,ok,100,22,1528,349.134,77,1455,9501,4296,9375
160,8124.679031866,8124.76332316,,1,GPU-bff95c83-0adb-feb7-9825-359f31b26de8,ok,0,0,467,30.927,36,210,405,488,341
161,8125.679031866,8125.720737556,,0,GPU-42e33043-7008-2803-9ba8-9bb9ef7d0845,ok,100,23,1528,348.734,77,1470,9501,3417,11621
161,8125.679031866,8125.763239807,,1,GPU-bff95c83-0adb-feb7-9825-359f31b26de8,ok,0,0,467,39.97,36,210,405,439,341
162,8126.679031866,8126.720758063,,0,GPU-42e33043-7008-2803-9ba8-9bb9ef7d0845,ok,100,23,1528,348.835,78,1455,9501,2783,15527
162,8126.679031866,8126.763274393,,1,GPU-bff95c83-0adb-feb7-9825-359f31b26de8,ok,0,0,467,30.882,36,210,405,439,341
163,8127.679031866,8127.72076456,,0,GPU-42e33043-7008-2803-9ba8-9bb9ef7d0845,ok,100,21,1528,348.972,78,1470,9501,2929,12597
163,8127.679031866,8127.76325988,,1,GPU-bff95c83-0adb-feb7-9825-359f31b26de8,ok,0,0,467,29.256,36,210,405,439,390
164,8128.679031866,8128.720756737,,0,GPU-42e33043-7008-2803-9ba8-9bb9ef7d0845,ok,100,21,1528,349.088,78,1440,9501,3808,9472
164,8128.679031866,8128.763244717,,1,GPU-bff95c83-0adb-feb7-9825-359f31b26de8,ok,0,0,467,28.402,36,210,405,439,341
165,8129.679031866,8129.720798754,,0,GPU-42e33043-7008-2803-9ba8-9bb9ef7d0845,ok,100,22,1528,349.046,78,1455,9501,3857,8740
165,8129.679031866,8129.763311364,,1,GPU-bff95c83-0adb-feb7-9825-359f31b26de8,ok,0,0,467,28.355,36,210,405,488,341
166,8130.679031866,8130.72075992,,0,GPU-42e33043-7008-2803-9ba8-9bb9ef7d0845,ok,100,22,1528,348.807,79,1470,9501,3369,13916
166,8130.679031866,8130.763246651,,1,GPU-bff95c83-0adb-feb7-9825-359f31b26de8,ok,0,0,467,28.647,36,210,405,439,341
167,8131.679031866,8131.720802977,,0,GPU-42e33043-7008-2803-9ba8-9bb9ef7d0845,ok,100,22,1528,348.639,79,1470,9501,3320,14062
167,8131.679031866,8131.763234988,,1,GPU-bff95c83-0adb-feb7-9825-359f31b26de8,ok,0,0,467,30.244,36,210,405,488,341
168,8132.679031866,8132.720784334,,0,GPU-42e33043-7008-2803-9ba8-9bb9ef7d0845,ok,100,22,1528,349.113,79,1440,9501,4394,7421
168,8132.679031866,8132.763321774,,1,GPU-bff95c83-0adb-feb7-9825-359f31b26de8,ok,0,0,467,39.1,36,210,405,488,341
169,8133.679031866,8133.720782241,,0,GPU-42e33043-7008-2803-9ba8-9bb9ef7d0845,ok,100,21,1528,348.719,79,1470,9501,3564,11816
169,8133.679031866,8133.763266101,,1,GPU-bff95c83-0adb-feb7-9825-359f31b26de8,ok,0,0,467,30.695,36,210,405,439,341
170,8134.679031866,8134.720796488,,0,GPU-42e33043-7008-2803-9ba8-9bb9ef7d0845,ok,100,22,1528,348.624,79,1455,9501,2490,12841
170,8134.679031866,8134.763281248,,1,GPU-bff95c83-0adb-feb7-9825-359f31b26de8,ok,0,0,467,29.127,36,210,405,439,341
171,8135.679031866,8135.720783115,,0,GPU-42e33043-7008-2803-9ba8-9bb9ef7d0845,ok,100,21,1528,349.289,79,1425,9501,4003,8496
171,8135.679031866,8135.763268595,,1,GPU-bff95c83-0adb-feb7-9825-359f31b26de8,ok,0,0,467,28.672,36,210,405,439,341
172,8136.679031866,8136.720788532,,0,GPU-42e33043-7008-2803-9ba8-9bb9ef7d0845,ok,100,21,1528,348.691,80,1455,9501,3662,11132
172,8136.679031866,8136.763275772,,1,GPU-bff95c83-0adb-feb7-9825-359f31b26de8,ok,0,0,467,28.716,36,210,405,439,341
173,8137.679031866,8137.720811128,,0,GPU-42e33043-7008-2803-9ba8-9bb9ef7d0845,ok,100,21,1528,348.618,80,1440,9501,2441,13134
173,8137.679031866,8137.763296659,,1,GPU-bff95c83-0adb-feb7-9825-359f31b26de8,ok,0,0,467,28.607,36,210,405,439,341
174,8138.679031866,8138.720799195,,0,GPU-42e33043-7008-2803-9ba8-9bb9ef7d0845,ok,100,20,1528,349.087,80,1440,9501,3857,8496
174,8138.679031866,8138.763243885,,1,GPU-bff95c83-0adb-feb7-9825-359f31b26de8,ok,0,0,467,28.507,36,210,405,537,341
175,8139.679031866,8139.720765242,,0,GPU-42e33043-7008-2803-9ba8-9bb9ef7d0845,ok,100,21,1528,348.68,80,1455,9501,3662,12207
175,8139.679031866,8139.763238062,,1,GPU-bff95c83-0adb-feb7-9825-359f31b26de8,ok,0,0,467,39.764,36,210,405,439,341
176,8140.679031866,8140.720820899,,0,GPU-42e33043-7008-2803-9ba8-9bb9ef7d0845,ok,100,22,1528,349.133,80,1455,9501,2587,13232
176,8140.679031866,8140.763315569,,1,GPU-bff95c83-0adb-feb7-9825-359f31b26de8,ok,0,0,467,30.509,36,210,405,439,341
177,8141.679031866,8141.720813316,,0,GPU-42e33043-7008-2803-9ba8-9bb9ef7d0845,ok,100,22,1528,349.573,80,1440,9501,4492,7275
177,8141.679031866,8141.763306176,,1,GPU-bff95c83-0adb-feb7-9825-359f31b26de8,ok,0,0,467,29.295,36,210,405,439,341
178,8142.679031866,8142.720664222,,0,GPU-42e33043-7008-2803-9ba8-9bb9ef7d0845,ok,0,0,1528,296.847,73,1920,9501,390,292
178,8142.679031866,8142.763287943,,1,GPU-bff95c83-0adb-feb7-9825-359f31b26de8,ok,0,0,467,29.025,36,210,405,439,341
179,8143.679031866,8143.720771849,,0,GPU-42e33043-7008-2803-9ba8-9bb9ef7d0845,ok,0,0,1528,195.229,71,1935,9501,390,244
179,8143.679031866,8143.76352025,,1,GPU-bff95c83-0adb-feb7-9825-359f31b26de8,ok,0,0,467,28.791,36,210,405,439,341
180,8144.679031866,8144.720814696,,0,GPU-42e33043-7008-2803-9ba8-9bb9ef7d0845,ok,100,24,1528,200.351,76,1485,9501,4101,9521
180,8144.679031866,8144.763288686,,1,GPU-bff95c83-0adb-feb7-9825-359f31b26de8,ok,0,0,467,28.783,36,210,405,439,341
181,8145.679031866,8145.720784313,,0,GPU-42e33043-7008-2803-9ba8-9bb9ef7d0845,ok,100,22,1528,349.792,79,1455,9501,2832,14697
181,8145.679031866,8145.763275613,,1,GPU-bff95c83-0adb-feb7-9825-359f31b26de8,ok,0,0,467,28.803,36,210,405,439,341
182,8146.679031866,8146.72086629,,0,GPU-42e33043-7008-2803-9ba8-9bb9ef7d0845,ok,100,21,1528,349.466,79,1440,9501,3271,11621
182,8146.679031866,8146.76324527,,1,GPU-bff95c83-0adb-feb7-9825-359f31b26de8,ok,0,0,467,34.331,36,210,405,488,341
183,8147.679031866,8147.720810767,,0,GPU-42e33043-7008-2803-9ba8-9bb9ef7d0845,ok,100,23,1528,349.473,80,1470,9501,4199,8300
183,8147.679031866,8147.763287087,,1,GPU-bff95c83-0adb-feb7-9825-359f31b26de8,ok,0,0,467,40.225,36,210,405,439,341
184,8148.679031866,8148.720822554,,0,GPU-42e33043-7008-2803-9ba8-9bb9ef7d0845,ok,100,23,1528,350.14,80,1455,9501,2490,13183
184,8148.679031866,8148.763357634,,1,GPU-bff95c83-0adb-feb7-9825-359f31b26de8,ok,0,0,467,29.766,36,210,405,439,341
185,8149.679031866,8149.72081061,,0,GPU-42e33043-7008-2803-9ba8-9bb9ef7d0845,ok,100,22,1528,349.943,80,1440,9501,4052,8154
185,8149.679031866,8149.763313271,,1,GPU-bff95c83-0adb-feb7-9825-359f31b26de8,ok,0,0,467,28.711,36,210,405,439,341
186,8150.679031866,8150.720892967,,0,GPU-42e33043-7008-2803-9ba8-9bb9ef7d0845,ok,100,22,1528,348.942,80,1470,9501,3515,11230
186,8150.679031866,8150.763402958,,1,GPU-bff95c83-0adb-feb7-9825-359f31b26de8,ok,0,0,467,28.69,36,210,405,488,341
187,8151.679031866,8151.720882834,,0,GPU-42e33043-7008-2803-9ba8-9bb9ef7d0845,ok,100,21,1528,349.382,80,1440,9501,2636,11962
187,8151.679031866,8151.763366254,,1,GPU-bff95c83-0adb-feb7-9825-359f31b26de8,ok,0,0,467,28.717,36,210,405,439,341
188,8152.679031866,8152.720806851,,0,GPU-42e33043-7008-2803-9ba8-9bb9ef7d0845,ok,100,22,1528,349.331,81,1455,9501,4248,7373
188,8152.679031866,8152.763290291,,1,GPU-bff95c83-0adb-feb7-9825-359f31b26de8,ok,0,0,467,28.831,36,210,405,439,341
189,8153.679031866,8153.720797938,,0,GPU-42e33043-7008-2803-9ba8-9bb9ef7d0845,ok,100,21,1528,348.869,81,1455,9501,3076,13867
189,8153.679031866,8153.763291718,,1,GPU-bff95c83-0adb-feb7-9825-359f31b26de8,ok,0,0,467,33.096,36,210,405,439,341
190,8154.679031866,8154.720811455,,0,GPU-42e33043-7008-2803-9ba8-9bb9ef7d0845,ok,100,20,1528,348.806,81,1440,9501,3369,10742
190,8154.679031866,8154.763300845,,1,GPU-bff95c83-0adb-feb7-9825-359f31b26de8,ok,0,0,467,39.94,36,210,405,439,341
191,8155.679031866,8155.720798141,,0,GPU-42e33043-7008-2803-9ba8-9bb9ef7d0845,ok,100,21,1528,348.533,81,1470,9501,3857,9716
191,8155.679031866,8155.763307342,,1,GPU-bff95c83-0adb-feb7-9825-359f31b26de8,ok,0,0,467,30.631,36,210,405,488,341
192,8156.679031866,8156.720904858,,0,GPU-42e33043-7008-2803-9ba8-9bb9ef7d0845,ok,100,20,1528,349.632,81,1440,9501,2441,13378
192,8156.679031866,8156.763401519,,1,GPU-bff95c83-0adb-feb7-9825-359f31b26de8,ok,0,0,467,29.409,36,210,405,439,341
193,8157.679031866,8157.720808175,,0,GPU-42e33043-7008-2803-9ba8-9bb9ef7d0845,ok,100,22,1528,349.172,81,1440,9501,3906,7763
193,8157.679031866,8157.763314575,,1,GPU-bff95c83-0adb-feb7-9825-359f31b26de8,ok,0,0,467,29.031,36,210,405,439,341
194,8158.679031866,8158.720786502,,0,GPU-42e33043-7008-2803-9ba8-9bb9ef7d0845,ok,100,21,1528,349.326,81,1440,9501,2929,13574
194,8158.679031866,8158.763301182,,1,GPU-bff95c83-0adb-feb7-9825-359f31b26de8,ok,0,0,467,28.792,36,210,405,439,341
195,8159.679031866,8159.720833899,,0,GPU-42e33043-7008-2803-9ba8-9bb9ef7d0845,ok,100,20,1528,349.32,81,1440,9501,3710,8740
195,8159.679031866,8159.763219209,,1,GPU-bff95c83-0adb-feb7-9825-359f31b26de8,ok,0,0,467,28.797,36,210,405,488,341
196,8160.679031866,8160.720794846,,0,GPU-42e33043-7008-2803-9ba8-9bb9ef7d0845,ok,100,21,1528,348.936,81,1440,9501,3417,12500
196,8160.679031866,8160.763333016,,1,GPU-bff95c83-0adb-feb7-9825-359f31b26de8,ok,0,0,467,32.225,36,210,405,439,341
197,8161.679031866,8161.720801662,,0,GPU-42e33043-7008-2803-9ba8-9bb9ef7d0845,ok,100,21,1528,349.576,81,1425,9501,3222,9863
197,8161.679031866,8161.763317003,,1,GPU-bff95c83-0adb-feb7-9825-359f31b26de8,ok,0,0,467,39.512,36,210,405,439,341
198,8162.679031866,8162.720810289,,0,GPU-42e33043-7008-2803-9ba8-9bb9ef7d0845,ok,100,21,1528,349.177,81,1455,9501,3027,12109
198,8162.679031866,8162.76331635,,1,GPU-bff95c83-0adb-feb7-9825-359f31b26de8,ok,0,0,467,29.94,36,210,405,439,341
199,8163.679031866,8163.720803436,,0,GPU-42e33043-7008-2803-9ba8-9bb9ef7d0845,ok,100,20,1528,349.216,81,1425,9501,3857,7958
199,8163.679031866,8163.763346486,,1,GPU-bff95c83-0adb-feb7-9825-359f31b26de8,ok,0,0,467,28.608,36,210,405,439,341
200,8164.679031866,8164.720906293,,0,GPU-42e33043-7008-2803-9ba8-9bb9ef7d0845,ok,100,20,1528,348.791,81,1440,9501,2636,13720
200,8164.679031866,8164.763403603,,1,GPU-bff95c83-0adb-feb7-9825-359f31b26de8,ok,0,0,467,28.31,36,210,405,439,341
201,8165.679031866,8165.72079366,,0,GPU-42e33043-7008-2803-9ba8-9bb9ef7d0845,ok,100,21,1528,349.498,82,1440,9501,4345,7666
201,8165.679031866,8165.76329985,,1,GPU-bff95c83-0adb-feb7-9825-359f31b26de8,ok,0,0,467,28.494,36,210,405,439,341
202,8166.679031866,8166.720751207,,0,GPU-42e33043-7008-2803-9ba8-9bb9ef7d0845,ok,100,20,1528,349.46,82,1440,9501,2392,13232
202,8166.679031866,8166.763238207,,1,GPU-bff95c83-0adb-feb7-9825-359f31b26de8,ok,0,0,467,28.829,36,210,405,439,341
203,8167.679031866,8167.720741413,,0,GPU-42e33043-7008-2803-9ba8-9bb9ef7d0845,ok,100,20,1528,348.913,82,1440,9501,3857,8251
203,8167.679031866,8167.763233794,,1,GPU-bff95c83-0adb-feb7-9825-359f31b26de8,ok,0,0,467,31.168,36,210,405,439,341
204,8168.679031866,8168.72079388,,0,GPU-42e33043-7008-2803-9ba8-9bb9ef7d0845,ok,100,20,1528,348.966,82,1440,9501,2783,12011
204,8168.679031866,8168.763279351,,1,GPU-bff95c83-0adb-feb7-9825-359f31b26de8,ok,0,0,467,39.987,36,210,405,439,341
205,8169.679031866,8169.720797297,,0,GPU-42e33043-7008-2803-9ba8-9bb9ef7d0845,ok,100,20,1528,349.008,81,1455,9501,3515,10546
205,8169.679031866,8169.763303797,,1,GPU-bff95c83-0adb-feb7-9825-359f31b26de8,ok,0,0,467,30.28,36,210,405,488,341
206,8170.679031866,8170.720782874,,0,GPU-42e33043-7008-2803-9ba8-9bb9ef7d0845,ok,0,0,1528,254.965,73,1920,9501,341,244
206,8170.679031866,8170.763470134,,1,GPU-bff95c83-0adb-feb7-9825-359f31b26de8,ok,0,0,467,29.071,36,210,405,439,341
207,8171.679031866,8171.720783061,,0,GPU-42e33043-7008-2803-9ba8-9bb9ef7d0845,ok,0,0,1528,187.653,72,1920,9501,341,292
207,8171.679031866,8171.763482951,,1,GPU-bff95c83-0adb-feb7-9825-359f31b26de8,ok,0,0,467,28.79,36,210,405,439,341
208,8172.679031866,8172.720780548,,0,GPU-42e33043-7008-2803-9ba8-9bb9ef7d0845,ok,100,22,1528,227.714,78,1470,9501,2099,7910
208,8172.679031866,8172.763267368,,1,GPU-bff95c83-0adb-feb7-9825-359f31b26de8,ok,0,0,467,28.848,36,210,405,488,341
209,8173.679031866,8173.720771424,,0,GPU-42e33043-7008-2803-9ba8-9bb9ef7d0845,ok,100,22,1528,349.378,80,1455,9501,3027,11328
209,8173.679031866,8173.763295415,,1,GPU-bff95c83-0adb-feb7-9825-359f31b26de8,ok,0,0,467,29.033,36,210,405,439,341
210,8174.679031866,8174.720774621,,0,GPU-42e33043-7008-2803-9ba8-9bb9ef7d0845,ok,100,23,1528,349.038,80,1470,9501,4199,8984
210,8174.679031866,8174.763183992,,1,GPU-bff95c83-0adb-feb7-9825-359f31b26de8,ok,0,0,467,30.263,36,210,405,439,341
211,8175.679031866,8175.720756678,,0,GPU-42e33043-7008-2803-9ba8-9bb9ef7d0845,ok,100,21,1528,349.346,80,1455,9501,2636,14306
211,8175.679031866,8175.763275108,,1,GPU-bff95c83-0adb-feb7-9825-359f31b26de8,ok,0,0,467,40.161,36,210,405,488,292
212,8176.679031866,8176.720762495,,0,GPU-42e33043-7008-2803-9ba8-9bb9ef7d0845,ok,100,22,1528,349.298,81,1440,9501,3759,8398
212,8176.679031866,8176.763250485,,1,GPU-bff95c83-0adb-feb7-9825-359f31b26de8,ok,0,0,467,30.786,36,210,405,439,341
213,8177.679031866,8177.720765882,,0,GPU-42e33043-7008-2803-9ba8-9bb9ef7d0845,ok,100,21,1528,348.955,81,1455,9501,3320,11425
213,8177.679031866,8177.763262562,,1,GPU-bff95c83-0adb-feb7-9825-359f31b26de8,ok,0,0,467,29.371,36,210,405,439,341
214,8178.679031866,8178.720785589,,0,GPU-42e33043-7008-2803-9ba8-9bb9ef7d0845,ok,100,21,1528,349.333,81,1440,9501,2783,11035
214,8178.679031866,8178.763285459,,1,GPU-bff95c83-0adb-feb7-9825-359f31b26de8,ok,0,0,467,28.852,36,210,405,439,341
215,8179.679031866,8179.720781436,,0,GPU-42e33043-7008-2803-9ba8-9bb9ef7d0845,ok,100,21,1528,348.604,81,1425,9501,3759,9570
215,8179.679031866,8179.763293286,,1,GPU-bff95c83-0adb-feb7-9825-359f31b26de8,ok,0,0,467,28.64,36,210,405,488,341
216,8180.679031866,8180.720804942,,0,GPU-42e33043-7008-2803-9ba8-9bb9ef7d0845,ok,100,20,1528,349.131,81,1440,9501,3027,10595
216,8180.679031866,8180.763315733,,1,GPU-bff95c83-0adb-feb7-9825-359f31b26de8,ok,0,0,467,28.475,36,210,405,439,341
217,8181.679031866,8181.720786389,,0,GPU-42e33043-7008-2803-9ba8-9bb9ef7d0845,ok,100,20,1528,348.422,81,1440,9501,3271,11523
217,8181.679031866,8181.763252799,,1,GPU-bff95c83-0adb-feb7-9825-359f31b26de8,ok,0,0,467,28.274,36,210,405,439,341
218,8182.679031866,8182.720793226,,0,GPU-42e33043-7008-2803-9ba8-9bb9ef7d0845,ok,100,20,1528,349.04,81,1440,9501,4296,13867
218,8182.679031866,8182.763331586,,1,GPU-bff95c83-0adb-feb7-9825-359f31b26de8,ok,0,0,467,39.461,36,210,405,439,341
219,8183.679031866,8183.720738133,,0,GPU-42e33043-7008-2803-9ba8-9bb9ef7d0845,ok,100,20,1528,348.669,81,1455,9501,2832,12841
219,8183.679031866,8183.763216093,,1,GPU-bff95c83-0adb-feb7-9825-359f31b26de8,ok,0,0,467,29.936,36,210,405,439,341
220,8184.679031866,8184.72073606,,0,GPU-42e33043-7008-2803-9ba8-9bb9ef7d0845,ok,100,21,1528,348.673,81,1440,9501,4003,7958
220,8184.679031866,8184.76320322,,1,GPU-bff95c83-0adb-feb7-9825-359f31b26de8,ok,0,0,467,28.495,36,210,405,488,292
221,8185.679031866,8185.720744047,,0,GPU-42e33043-7008-2803-9ba8-9bb9ef7d0845,ok,100,20,1528,349.277,81,1455,9501,2539,13134
221,8185.679031866,8185.763214837,,1,GPU-bff95c83-0adb-feb7-9825-359f31b26de8,ok,0,0,467,28.176,36,210,405,488,292
222,8186.679031866,8186.720796843,,0,GPU-42e33043-7008-2803-9ba8-9bb9ef7d0845,ok,100,20,1528,348.896,81,1425,9501,3857,8007
222,8186.679031866,8186.763306014,,1,GPU-bff95c83-0adb-feb7-9825-359f31b26de8,ok,0,0,467,28.319,36,210,405,439,341
223,8187.679031866,8187.72081812,,0,GPU-42e33043-7008-2803-9ba8-9bb9ef7d0845,ok,100,20,1528,349.363,81,1455,9501,2685,12011
223,8187.679031866,8187.76332724,,1,GPU-bff95c83-0adb-feb7-9825-359f31b26de8,ok,0,0,467,28.487,36,210,405,439,341
224,8188.679031866,8188.720811097,,0,GPU-42e33043-7008-2803-9ba8-9bb9ef7d0845,ok,100,20,1528,348.81,81,1425,9501,3710,10449
224,8188.679031866,8188.763333707,,1,GPU-bff95c83-0adb-feb7-9825-359f31b26de8,ok,0,0,467,28.332,36,210,405,439,341
225,8189.679031866,8189.720787784,,0,GPU-42e33043-7008-2803-9ba8-9bb9ef7d0845,ok,100,21,1528,349.118,81,1425,9501,3271,9960
225,8189.679031866,8189.763171644,,1,GPU-bff95c83-0adb-feb7-9825-359f31b26de8,ok,0,0,467,33.759,36,210,405,439,292
226,8190.679031866,8190.720817571,,0,GPU-42e33043-7008-2803-9ba8-9bb9ef7d0845,ok,100,21,1528,348.966,81,1440,9501,3125,12109
226,8190.679031866,8190.763337951,,1,GPU-bff95c83-0adb-feb7-9825-359f31b26de8,ok,0,0,467,39.713,36,210,405,439,341
227,8191.679031866,8191.720773778,,0,GPU-42e33043-7008-2803-9ba8-9bb9ef7d0845,ok,100,21,1528,349.035,81,1440,9501,3662,8691
227,8191.679031866,8191.763288908,,1,GPU-bff95c83-0adb-feb7-9825-359f31b26de8,ok,0,0,467,29.849,36,210,405,439,341
228,8192.679031865999,8192.720784274,,0,GPU-42e33043-7008-2803-9ba8-9bb9ef7d0845,ok,100,20,1528,349.375,81,1440,9501,2441,12890
228,8192.679031865999,8192.763280615,,1,GPU-bff95c83-0adb-feb7-9825-359f31b26de8,ok,0,0,467,28.572,36,210,405,439,341
229,8193.679031865999,8193.720792861,,0,GPU-42e33043-7008-2803-9ba8-9bb9ef7d0845,ok,100,20,1528,349.066,82,1410,9501,3857,8447
229,8193.679031865999,8193.763290271,,1,GPU-bff95c83-0adb-feb7-9825-359f31b26de8,ok,0,0,467,28.48,36,210,405,439,341
230,8194.679031865999,8194.720804928,,0,GPU-42e33043-7008-2803-9ba8-9bb9ef7d0845,ok,100,20,1528,349.525,82,1440,9501,2783,10888
230,8194.679031865999,8194.763330578,,1,GPU-bff95c83-0adb-feb7-9825-359f31b26de8,ok,0,0,467,28.686,36,210,405,439,341
231,8195.679031865999,8195.720800525,,0,GPU-42e33043-7008-2803-9ba8-9bb9ef7d0845,ok,100,19,1528,348.965,82,1440,9501,3417,10888
231,8195.679031865999,8195.763310145,,1,GPU-bff95c83-0adb-feb7-9825-359f31b26de8,ok,0,0,467,28.844,36,210,405,439,341
232,8196.679031865999,8196.720776292,,0,GPU-42e33043-7008-2803-9ba8-9bb9ef7d0845,ok,100,20,1528,349.374,82,1440,9501,3710,8935
232,8196.679031865999,8196.763280842,,1,GPU-bff95c83-0adb-feb7-9825-359f31b26de8,ok,0,0,467,33.251,36,210,405,439,341
233,8197.679031865999,8197.720465888,,0,GPU-42e33043-7008-2803-9ba8-9bb9ef7d0845,ok,100,20,1528,348.937,82,1440,9501,439,292
233,8197.679031865999,8197.762982539,,1,GPU-bff95c83-0adb-feb7-9825-359f31b26de8,ok,0,0,467,39.999,36,210,405,439,292
234,8198.679031865999,8198.720766825,,0,GPU-42e33043-7008-2803-9ba8-9bb9ef7d0845,ok,0,0,1528,225.588,72,1920,9501,341,292
234,8198.679031865999,8198.763547516,,1,GPU-bff95c83-0adb-feb7-9825-359f31b26de8,ok,0,0,467,30.985,36,210,405,439,341
235,8199.679031865999,8199.720433282,,0,GPU-42e33043-7008-2803-9ba8-9bb9ef7d0845,ok,0,0,1528,192.009,72,1920,9501,390,292
235,8199.679031865999,8199.762911872,,1,GPU-bff95c83-0adb-feb7-9825-359f31b26de8,ok,0,0,467,29.27,36,210,405,439,341
236,8200.679031865999,8200.720924169,,0,GPU-42e33043-7008-2803-9ba8-9bb9ef7d0845,ok,0,0,464,145.817,67,1695,9751,341,292
236,8200.679031865999,8200.76376007,,1,GPU-bff95c83-0adb-feb7-9825-359f31b26de8,ok,0,0,464,31.658,36,210,405,439,341
237,8201.679031865999,8201.721171076,,0,GPU-42e33043-7008-2803-9ba8-9bb9ef7d0845,ok,0,0,464,128.798,67,1695,9751,439,341
237,8201.679031865999,8201.763915176,,1,GPU-bff95c83-0adb-feb7-9825-359f31b26de8,ok,0,0,464,38.694,36,210,405,488,341
